Symbol,Date,Action,Units,Rate
OGDC,8-Mar-21,Buy,100,84.62
HUBC,11-Aug-21,Buy,100,76.2189
OGDC,31-Aug-21,Buy,200,92.855
HUBC,11-Sep-21,Buy,200,74.22565
EFERT,13-Sep-21,Buy,500,74.08532
OGDC,16-Sep-21,Buy,766,83.9944
OGDC,20-Sep-21,Sell,766,85.455
EFERT,21-Sep-21,Sell,450,72.7864
EFERT,29-Sep-21,Buy,50,72.0118
EFERT,1-Oct-21,Buy,50,70.309
MTL,21-Oct-21,Buy,50,895.5554
EFERT,25-Oct-21,Sell,150,69.83146667
MTL,3-Nov-21,Buy,50,875.38
HUBC,22-Nov-21,Buy,200,73.9852
HUBC,22-Nov-21,Buy,100,73.04
HUBC,1-Dec-21,Sell,100,74.753
MTL,6-Dec-21,Buy,20,881.1
MTL,8-Dec-21,Sell,20,885.387
OGDC,13-Dec-21,Buy,260,85.072
HUBC,16-Dec-21,Buy,200,72.062
MTL,16-Dec-21,Buy,15,871.25
MTL,16-Dec-21,Sell,15,870.795
OGDC,20-Dec-21,Sell,260,85.69
EFERT,22-Dec-21,Buy,100,75.157
OGDC,23-Dec-21,Buy,200,87.047
HUBC,30-Dec-21,Buy,200,71.241
OGDC,30-Dec-21,Buy,200,85.3913
MTL,3-Jan-22,Buy,8,863.471
OGDC,3-Jan-22,Sell,200,86.853
EFERT,3-Jan-22,Sell,100,76.021
HUBC,4-Jan-22,Sell,200,72.467
MTL,4-Jan-22,Sell,8,873.018
OGDC,4-Jan-22,Sell,200,87.851
HUBC,5-Jan-22,Buy,200,73.214
MTL,5-Jan-22,Sell,50,885.996
OGDC,5-Jan-22,Buy,200,88.054
OGDC,5-Jan-22,Buy,200,88.054
HUBC,6-Jan-22,Sell,200,75.871
HUBC,7-Jan-22,Sell,200,78.367
HUBC,10-Jan-22,Sell,100,80
HUBC,10-Jan-22,Buy,200,79.565
HUBC,13-Jan-22,Buy,200,80.877
OGDC,18-Jan-22,Sell,200,88.999
MTL,19-Jan-22,Sell,50,883.61
OGDC,19-Jan-22,Sell,200,89.608
HUBC,26-Jan-22,Sell,400,80.154
OGDC,26-Jan-22,Buy,200,87.258
HUBC,28-Jan-22,Sell,400,81.781
OGDC,28-Jan-22,Buy,200,86.767
OGDC,2-Feb-22,Sell,200,89.089
OGDC,7-Feb-22,Sell,200,90.48
OGDC,8-Feb-22,Buy,200,91.405
OGDC,9-Feb-22,Sell,200,92.842
HUBC,10-Feb-22,Buy,120,77
OGDC,10-Feb-22,Buy,200,91.956
OGDC,11-Feb-22,Buy,200,90.283
HUBC,15-Feb-22,Buy,200,73.234
OGDC,15-Feb-22,Buy,200,89.051
HUBC,17-Feb-22,Buy,100,72.833
HUBC,18-Feb-22,Sell,100,73.285
OGDC,18-Feb-22,Sell,200,90.187
HUBC,21-Feb-22,Buy,200,72.633
OGDC,24-Feb-22,Buy,200,86.907
HUBC,25-Feb-22,Buy,22,71.13
OGDC,2-Mar-22,Sell,200,92.343
HUBC,3-Mar-22,Sell,22,72.028
OGDC,3-Mar-22,Sell,200,94.32
HUBC,7-Mar-22,Buy,200,69.878
HUBC,8-Mar-22,Buy,200,67.85
OGDC,8-Mar-22,Buy,200,89.151
HUBC,11-Mar-22,Buy,100,66.863
OGDC,14-Mar-22,Buy,100,88.46
HUBC,15-Mar-22,Sell,100,67.386
OGDC,15-Mar-22,Buy,100,85.805
MTL,16-Mar-22,Buy,20,783.846
OGDC,17-Mar-22,Buy,200,84.61
OGDC,17-Mar-22,Buy,200,82.4
HUBC,18-Mar-22,Buy,100,66.412
HUBC,21-Mar-22,Sell,100,67.885
MTL,24-Mar-22,Sell,20,791.756
OGDC,28-Mar-22,Sell,200,83.858
HUBC,29-Mar-22,Sell,200,70.161
HUBC,30-Mar-22,Sell,200,72
HUBC,1-Apr-22,Buy,200,71.13
OGDC,5-Apr-22,Buy,200,81.047
OGDC,7-Apr-22,Buy,100,79.655
OGDC,11-Apr-22,Sell,100,82.59
HUBC,13-Apr-22,Sell,200,72.058
OGDC,13-Apr-22,Sell,200,82.959
OGDC,13-Apr-22,Buy,200,82.389
OGDC,18-Apr-22,Sell,200,86.743
HUBC,20-Apr-22,Buy,100,71.12
OGDC,20-Apr-22,Buy,29,84.759
HUBC,22-Apr-22,Buy,100,70.73
HUBC,25-Apr-22,Sell,100,71.878
OGDC,25-Apr-22,Sell,29,86.643
HUBC,27-Apr-22,Buy,200,70.63
OGDC,27-Apr-22,Buy,200,85.204
OGDC,27-Apr-22,Buy,200,84.5
OGDC,27-Apr-22,Sell,200,86.35
HUBC,28-Apr-22,Buy,100,68.745
OGDC,28-Apr-22,Buy,100,84.052
OGDC,6-May-22,Buy,100,83.762
HUBC,9-May-22,Buy,100,67.22
OGDC,9-May-22,Buy,250,81.394
HUBC,11-May-22,Buy,100,66.526
OGDC,11-May-22,Buy,100,78.994
OGDC,13-May-22,Sell,100,80.853
OGDC,26-May-22,Buy,90,75.189
OGDC,30-May-22,Sell,90,78.85
HUBC,1-Jun-22,Buy,100,65.52
HUBC,1-Jun-22,Buy,100,64.63
OGDC,1-Jun-22,Buy,100,80.7
OGDC,1-Jun-22,Buy,100,80.2
HUBC,2-Jun-22,Buy,100,63.688
OGDC,2-Jun-22,Buy,100,77.531
OGDC,3-Jun-22,Buy,100,76.89
HUBC,6-Jun-22,Sell,100,64.351
OGDC,6-Jun-22,Sell,100,77.798
HUBC,7-Jun-22,Buy,100,63.628
HUBC,8-Jun-22,Sell,100,64.89
OGDC,8-Jun-22,Sell,100,78.46
HUBC,10-Jun-22,Sell,100,65.82
OGDC,13-Jun-22,Buy,100,78.132
OGDC,15-Jun-22,Sell,100,79.864
HUBC,16-Jun-22,Sell,100,67.885
OGDC,16-Jun-22,Sell,100,81.861
HUBC,17-Jun-22,Sell,100,68.883
OGDC,17-Jun-22,Sell,100,83.359
HUBC,20-Jun-22,Buy,100,66.653
OGDC,21-Jun-22,Sell,250,82.859
HUBC,23-Jun-22,Sell,200,69.083
HUBC,24-Jun-22,Buy,150,66.44
HUBC,24-Jun-22,Buy,150,65.45
OGDC,24-Jun-22,Buy,200,79.08
OGDC,24-Jun-22,Buy,200,78.1
HUBC,27-Jun-22,Sell,150,66.737
OGDC,27-Jun-22,Sell,200,80.044
OGDC,27-Jun-22,Buy,100,78.6
OGDC,29-Jun-22,Buy,150,78.112
HUBC,30-Jun-22,Sell,150,67.885
OGDC,30-Jun-22,Buy,100,77.361
OGDC,30-Jun-22,Sell,150,79.5
OGDC,1-Jul-22,Buy,100,78.152
HUBC,4-Jul-22,Buy,100,67.925
OGDC,4-Jul-22,Buy,100,77.822
OGDC,4-Jul-22,Buy,200,77.641
OGDC,5-Jul-22,Buy,100,77.06
OGDC,7-Jul-22,Sell,100,79.844
OGDC,7-Jul-22,Sell,100,79.864
OGDC,7-Jul-22,Sell,100,79.954
OGDC,7-Jul-22,Sell,200,80.144
HUBC,13-Jul-22,Buy,100,68.406
OGDC,13-Jul-22,Sell,400,81.567
HUBC,14-Jul-22,Sell,100,69.103
OGDC,15-Jul-22,Buy,100,83
HUBC,18-Jul-22,Buy,100,67.504
OGDC,18-Jul-22,Buy,100,81.548
OGDC,19-Jul-22,Buy,100,79.535
HUBC,20-Jul-22,Buy,100,67.134
HUBC,20-Jul-22,Buy,100,66.422
OGDC,21-Jul-22,Sell,100,80.15
OGDC,21-Jul-22,Buy,100,78.8
HUBC,26-Jul-22,Buy,100,64.229
OGDC,26-Jul-22,Sell,100,79.854
HUBC,28-Jul-22,Sell,100,65.89
HUBC,28-Jul-22,Buy,100,64.429
HUBC,29-Jul-22,Buy,100,63.918
HUBC,3-Aug-22,Sell,100,65.179
HUBC,4-Aug-22,Sell,100,66.377
HUBC,5-Aug-22,Sell,100,66.886
OGDC,5-Aug-22,Sell,100,82.6
HUBC,10-Aug-22,Sell,100,69.25
HUBC,10-Aug-22,Buy,100,68.55
OGDC,10-Aug-22,Sell,100,85.72
HUBC,12-Aug-22,Sell,100,69.073
OGDC,12-Aug-22,Sell,100,87.192
HUBC,15-Aug-22,Buy,100,68.907
HUBC,15-Aug-22,Sell,100,69.69
OGDC,15-Aug-22,Buy,100,87.969
OGDC,16-Aug-22,Buy,100,87.268
MTL,17-Aug-22,Buy,10,892.62
OGDC,17-Aug-22,Buy,100,86.256
MTL,18-Aug-22,Buy,5,899.53
MTL,18-Aug-22,Sell,5,900.47
OGDC,18-Aug-22,Buy,50,85.204
HUBC,19-Aug-22,Buy,100,69.51
HUBC,19-Aug-22,Buy,100,68.97
OGDC,19-Aug-22,Buy,100,84.653
MTL,22-Aug-22,Sell,10,894.485
MTL,22-Aug-22,Buy,10,893.11
OGDC,22-Aug-22,Buy,100,83.601
HUBC,23-Aug-22,Sell,100,70.381
OGDC,23-Aug-22,Sell,100,84.806
MTL,24-Aug-22,Buy,5,889.515
HUBC,25-Aug-22,Buy,150,69.017
HUBC,25-Aug-22,Buy,100,68.826
HUBC,25-Aug-22,Buy,100,67.013
HUBC,25-Aug-22,Buy,200,66.262
OGDC,25-Aug-22,Buy,100,84.052
HUBC,26-Aug-22,Buy,100,64.65
MTL,26-Aug-22,Buy,7,870.48
OGDC,26-Aug-22,Buy,100,82.85
MTL,29-Aug-22,Buy,5,848.44
HUBC,31-Aug-22,Sell,100,66.228
MTL,31-Aug-22,Buy,5,841.4
MTL,31-Aug-22,Buy,5,834.4
MTL,1-Sep-22,Sell,5,843.558
OGDC,1-Sep-22,Buy,50,82.149
HUBC,2-Sep-22,Buy,50,65.621
MTL,2-Sep-22,Buy,7,833.07
OGDC,2-Sep-22,Buy,100,81.207
HUBC,5-Sep-22,Buy,100,68
MTL,5-Sep-22,Buy,5,826.2
MTL,5-Sep-22,Buy,5,821.2
OGDC,5-Sep-22,Buy,50,80.216
HUBC,6-Sep-22,Buy,50,64.028
MTL,8-Sep-22,Buy,5,813.376
HUBC,9-Sep-22,Buy,50,63.648
OGDC,9-Sep-22,Buy,50,79.745
HUBC,13-Sep-22,Sell,50,64.381
MTL,13-Sep-22,Buy,10,840.563
OGDC,13-Sep-22,Buy,50,79.164
HUBC,14-Sep-22,Sell,50,66.48
HUBC,14-Sep-22,Sell,50,66.7
HUBC,15-Sep-22,Buy,50,65.631
OGDC,15-Sep-22,Buy,50,78.643
MTL,16-Sep-22,Sell,5,832.936
MTL,19-Sep-22,Buy,5,811.393
OGDC,19-Sep-22,Buy,50,78.142
MTL,20-Sep-22,Sell,5,822.603
OGDC,20-Sep-22,Buy,50,75.888
OGDC,23-Sep-22,Buy,50,73.434
OGDC,27-Sep-22,Sell,50,75.871
HUBC,28-Sep-22,Sell,50,69.123
MTL,28-Sep-22,Buy,10,839.931
MTL,29-Sep-22,Buy,5,830.225
OGDC,4-Oct-22,Buy,50,75.037
HUBC,11-Oct-22,Buy,100,65.07
MTL,11-Oct-22,Buy,5,823.393
OGDC,11-Oct-22,Sell,100,76.7
HUBC,11-Oct-22,Buy,100,65.07
HUBC,12-Oct-22,Buy,100,63.838
OGDC,14-Oct-22,Buy,50,73.885
OGDC,17-Oct-22,Buy,50,72.783
MTL,18-Oct-22,Buy,11,0
MTL,19-Oct-22,Buy,25,691.69
HUBC,20-Oct-22,Sell,100,64.88
MTL,20-Oct-22,Buy,6,727.416
MTL,24-Oct-22,Buy,5,716.232
OGDC,25-Oct-22,Sell,50,73.875
HUBC,25-Oct-22,Sell,100,68.613
HUBC,26-Oct-22,Buy,100,67.414
MTL,26-Oct-22,Buy,10,697.951
OGDC,26-Oct-22,Buy,100,72.332
HUBC,26-Oct-22,Buy,50,67.41
MTL,27-Oct-22,Buy,5,682.605
OGDC,27-Oct-22,Buy,50,71.13
MTL,28-Oct-22,Buy,5,672.157
HUBC,31-Oct-22,Sell,100,65.888
HUBC,31-Oct-22,Buy,100,65.07
MTL,1-Nov-22,Buy,5,664.835
HUBC,1-Nov-22,Sell,100,66.777
OGDC,1-Nov-22,Buy,50,70.63
MTL,8-Nov-22,Sell,5,670.352
OGDC,8-Nov-22,Sell,50,71.359
MTL,10-Nov-22,Sell,5,684.328
OGDC,10-Nov-22,Sell,150,73.998
HUBC,10-Nov-22,Sell,50,69.861
MTL,14-Nov-22,Buy,10,679.169
OGDC,14-Nov-22,Sell,50,76.859
MTL,16-Nov-22,Buy,10,671.146
OGDC,17-Nov-22,Buy,50,75.728
HUBC,21-Nov-22,Buy,50,69.227
MTL,21-Nov-22,Buy,10,660.137
OGDC,21-Nov-22,Buy,50,74.646
OGDC,22-Nov-22,Buy,50,74.386
HUBC,23-Nov-22,Buy,100,67.174
HUBC,23-Nov-22,Buy,100,66.7733
MTL,23-Nov-22,Buy,1,652.123
MTL,24-Nov-22,Buy,10,649.92
HUBC,25-Nov-22,Buy,100,65.24
HUBC,25-Nov-22,Buy,50,65.17
MTL,28-Nov-22,Buy,10,626.07
OGDC,28-Nov-22,Buy,50,72.88
HUBC,28-Nov-22,Buy,50,64.87
HUBC,29-Nov-22,Sell,50,65.678
HUBC,29-Nov-22,Sell,50,66.777
OGDC,30-Nov-22,Buy,50,72.342
HUBC,30-Nov-22,Buy,50,66.232
MTL,2-Dec-22,Buy,10,616.563
MTL,6-Dec-22,Buy,10,578.489
OGDC,6-Dec-22,Buy,50,71.401
OGDC,7-Dec-22,Buy,50,71.231
MTL,8-Dec-22,Sell,10,591.735
HUBC,9-Dec-22,Buy,50,65.561
MTL,12-Dec-22,Buy,10,580.502
MTL,13-Dec-22,Buy,10,572.98
MTL,15-Dec-22,Buy,10,560.959
MTL,15-Dec-22,Buy,9,552.966
HUBC,16-Dec-22,Buy,50,63.037
MTL,16-Dec-22,Buy,9,533.312
OGDC,16-Dec-22,Sell,50,72.098
HUBC,19-Dec-22,Buy,30,61.174
MTL,19-Dec-22,Buy,10,512.878
HUBC,21-Dec-22,Buy,50,60.132
MTL,21-Dec-22,Buy,10,499.856
OGDC,21-Dec-22,Buy,50,70.429
OGDC,22-Dec-22,Sell,50,72.177
OGDC,26-Dec-22,Sell,150,76.56
MTL,28-Dec-22,Buy,10,488.55
MTL,28-Dec-22,Buy,15,473
HUBC,29-Dec-22,Sell,50,61.895
OGDC,29-Dec-22,Sell,50,76.99
OGDC,29-Dec-22,Buy,50,76.64
HUBC,30-Dec-22,Sell,30,62.873
OGDC,2-Jan-23,Sell,100,81.811
HUBC,3-Jan-23,Buy,30,62.165
HUBC,3-Jan-23,Buy,70,62.17
HUBC,4-Jan-23,Buy,50,61.414
OGDC,4-Jan-23,Buy,50,78.893
MTL,6-Jan-23,Buy,10,485.942
OGDC,6-Jan-23,Sell,50,82.22
HUBC,10-Jan-23,Buy,100,60.863
OGDC,10-Jan-23,Sell,50,84.247
HUBC,11-Jan-23,Buy,50,60.212
MTL,11-Jan-23,Sell,10,505.332
OGDC,11-Jan-23,Sell,100,86.813
MTL,12-Jan-23,Sell,15,519.099
OGDC,13-Jan-23,Sell,150,82.74
OGDC,17-Jan-23,Buy,100,77.201
HUBC,17-Jan-23,Buy,50,59.621
OGDC,19-Jan-23,Sell,50,79.79
OGDC,19-Jan-23,Sell,50,80.104
OGDC,19-Jan-23,Buy,50,79.194
MTL,19-Jan-23,Buy,10,503.963
HUBC,19-Jan-23,Buy,50,59.13
OGDC,24-Jan-23,Sell,150,84.447
HUBC,25-Jan-23,Sell,100,61.066
MTL,25-Jan-23,Sell,10,519.119
MTL,1-Feb-23,Sell,10,536
OGDC,1-Feb-23,Sell,50,87.223
HUBC,2-Feb-23,Sell,50,65.359
HUBC,7-Feb-23,Sell,100,68.474
MTL,7-Feb-23,Sell,10,548.668
OGDC,8-Feb-23,Buy,100,97.5
OGDC,8-Feb-23,Buy,100,96.473
OGDC,8-Feb-23,Sell,100,97.6665
OGDC,8-Feb-23,Sell,100,98.96
MTL,9-Feb-23,Buy,10,538.932
HUBC,9-Feb-23,Buy,100,66.693
OGDC,9-Feb-23,Buy,100,105.5
OGDC,9-Feb-23,Sell,100,107.05
OGDC,10-Feb-23,Buy,100,100.7
HUBC,10-Feb-23,Buy,100,63.968
OGDC,14-Feb-23,Sell,550,95.578
MTL,14-Feb-23,Buy,10,530.508
OGDC,16-Feb-23,Buy,150,93.368
HUBC,17-Feb-23,Sell,100,66.627
MTL,20-Feb-23,Buy,10,530.91
OGDC,20-Feb-23,Buy,250,90.73
OGDC,23-Feb-23,Buy,100,88.71
OGDC,24-Feb-23,Buy,100,88.209
OGDC,1-Mar-23,Buy,9,80.496
OGDC,1-Mar-23,Buy,66,80.446
MTL,1-Mar-23,Buy,27,0
MTL,2-Mar-23,Buy,10,505.565
HUBC,2-Mar-23,Sell,100,71.968
OGDC,3-Mar-23,Sell,75,86.523
OGDC,7-Mar-23,Buy,100,85.016
OGDC,9-Mar-23,Sell,100,87.242
HUBC,13-Mar-23,Buy,150,70.867
OGDC,13-Mar-23,Sell,100,92.074
MTL,16-Mar-23,Buy,13,506.02
OGDC,7-Apr-23,Buy,100,86.056
OGDC,16-May-23,Buy,100,
OGDC,19-May-23,Buy,100,77.251
OGDC,26-May-23,Buy,100,73.945
MTL,31-May-23,Sell,20,0
HUBC,1-Jun-23,Buy,100,68.035
MTL,13-Jun-23,Sell,70,548.868
OGDC,13-Jun-23,Sell,100,77.409
HUBC,19-Jun-23,Buy,100,66.152
MTL,22-Jun-23,Buy,125,0
MTL,22-Jun-23,Buy,70,388.267
HUBC,22-Jun-23,Buy,50,64.92
OGDC,22-Jun-23,Buy,100,74.646
HUBC,4-Jul-23,Sell,250,76.75
OGDC,4-Jul-23,Sell,100,85.145
MTL,4-Jul-23,Buy,30,394.177
MTL,5-Jul-23,Buy,25,381.746
MTL,6-Jul-23,Sell,25,392.334
HUBC,6-Jul-23,Sell,150,79.245
MTL,10-Jul-23,Buy,25,399.286
OGDC,11-Jul-23,Sell,100,85.844
HUBC,11-Jul-23,Buy,100,77.691
HUBC,14-Jul-23,Sell,100,79.63
HUBC,21-Jul-23,Sell,50,81.062
OGDC,26-Jul-23,Sell,100,87.042
OGDC,27-Jul-23,Sell,100,90.037
MTL,31-Jul-23,Buy,25,396.17
HUBC,31-Jul-23,Sell,70,85.824
OGDC,2-Aug-23,Buy,50,102.734
HUBC,2-Aug-23,Buy,150,84.162
HUBC,2-Aug-23,Buy,50,84.16
MTL,3-Aug-23,Sell,25,421.624
MTL,4-Aug-23,Buy,25,440.806
OGDC,4-Aug-23,Sell,100,107.068
EFERT,7-Aug-23,Buy,200,79.089
MTL,7-Aug-23,Buy,5,429.747
MTL,7-Aug-23,Buy,20,429.75
EFERT,8-Aug-23,Buy,50,78.643
MTL,8-Aug-23,Buy,25,420.732
OGDC,8-Aug-23,Buy,200,98.602
EFERT,8-Aug-23,Buy,50,78.64
HUBC,9-Aug-23,Buy,50,82.77
HUBC,9-Aug-23,Sell,50,87.73
HUBC,9-Aug-23,Sell,50,87.581
MTL,9-Aug-23,Sell,25,428.772
OGDC,9-Aug-23,Sell,100,102.506
OGDC,9-Aug-23,Buy,100,0
MTL,10-Aug-23,Buy,25,421.864
MTL,16-Aug-23,Sell,25,432.236
HUBC,29-Aug-23,Buy,100,83.551
EFERT,31-Aug-23,Buy,50,77.952
HUBC,31-Aug-23,Buy,100,80.346
HUBC,31-Aug-23,Buy,35,78.262
HUBC,6-Sep-23,Sell,35,79.665
EFERT,6-Sep-23,Buy,50,77.151
EFERT,11-Sep-23,Buy,50,76.089
HUBC,12-Sep-23,Sell,100,82.25
OGDC,12-Sep-23,Buy,75,93.719
EFERT,15-Sep-23,Buy,100,76.339
EFERT,22-Sep-23,Buy,50,75.838
MTL,25-Sep-23,Buy,15,425.53
OGDC,28-Sep-23,Sell,75,97.425
HUBC,4-Oct-23,Sell,250,89.338
EFERT,5-Oct-23,Sell,50,82.101
MTL,6-Oct-23,Sell,15,438.705
HUBC,6-Oct-23,Buy,100,83.551
EFERT,11-Oct-23,Sell,50,83.598
MTL,12-Oct-23,Sell,20,450.685
OGDC,13-Oct-23,Sell,250,98.822
OGDC,17-Oct-23,Buy,300,96.23
HUBC,17-Oct-23,Sell,100,90.28
HUBC,17-Oct-23,Buy,100,89.11
OGDC,17-Oct-23,Buy,50,96.23
MTL,18-Oct-23,Buy,20,455.921
OGDC,18-Oct-23,Buy,100,94.27
OGDC,19-Oct-23,Sell,100,97.814
MTL,20-Oct-23,Buy,20,450.913
EFERT,23-Oct-23,Sell,250,92.333
HUBC,23-Oct-23,Buy,100,96.684
OGDC,23-Oct-23,Sell,50,103.814
EFERT,24-Oct-23,Buy,200,88.523
OGDC,24-Oct-23,Buy,50,99.869
EFERT,24-Oct-23,Buy,100,88.52
MTL,25-Oct-23,Sell,20,470.98
MTL,25-Oct-23,Buy,20,459.788
OGDC,31-Oct-23,Sell,350,100.709
HUBC,2-Nov-23,Sell,400,104.163
MTL,2-Nov-23,Buy,25,458.386
HUBC,3-Nov-23,Buy,100,102.033
HUBC,6-Nov-23,Sell,500,105.81
EFERT,8-Nov-23,Sell,100,91.325
MTL,8-Nov-23,Sell,25,469.193
HUBC,13-Nov-23,Buy,100,102.03
HUBC,13-Nov-23,Sell,100,119.787
MTL,14-Nov-23,Sell,20,544.046
HUBC,15-Nov-23,Buy,250,120.233
MTL,15-Nov-23,Buy,45,534.025
MTL,16-Nov-23,Buy,5,518.888
MTL,16-Nov-23,Buy,20,518.89
HUBC,17-Nov-23,Buy,75,116.908
OGDC,17-Nov-23,Buy,150,112.2
EFERT,17-Nov-23,Buy,52,97.325
HUBC,17-Nov-23,Buy,75,116.91
OGDC,21-Nov-23,Sell,100,108.243
HUBC,28-Nov-23,Sell,75,121.733
HUBC,29-Nov-23,Buy,75,118.911
HUBC,4-Dec-23,Sell,75,124.738
OGDC,4-Dec-23,Sell,100,115.684
EFERT,4-Dec-23,Sell,52,102.216
MTL,4-Dec-23,Sell,20,663.873
MTL,5-Dec-23,Buy,30,639.4
MTL,5-Dec-23,Buy,15,632.1
OGDC,5-Dec-23,Buy,100,114.093
OGDC,5-Dec-23,Sell,25,122.89
EFERT,6-Dec-23,Buy,52,101.191
MTL,6-Dec-23,Buy,25,622.053
EFERT,7-Dec-23,Sell,52,103.814
MTL,8-Dec-23,Buy,20,619.068
OGDC,8-Dec-23,Buy,75,124.778
EFERT,8-Dec-23,Sell,50,109.095
EFERT,11-Dec-23,Buy,200,112.45
EFERT,11-Dec-23,Sell,200,112.83
MTL,11-Dec-23,Buy,20,611.545
HUBC,11-Dec-23,Buy,125,119.763
OGDC,13-Dec-23,Buy,250,124.108
EFERT,13-Dec-23,Buy,100,109.185
MTL,15-Dec-23,Sell,20,627.934
OGDC,19-Dec-23,Buy,100,120.8
MTL,19-Dec-23,Buy,20,612.396
HUBC,19-Dec-23,Buy,100,116.718
OGDC,19-Dec-23,Buy,100,116.77
OGDC,20-Dec-23,Buy,100,114.213
MTL,20-Dec-23,Buy,20,594.015
HUBC,26-Dec-23,Buy,50,113.702
MTL,26-Dec-23,Buy,10,585.841
OGDC,26-Dec-23,Buy,100,109.215
EFERT,28-Dec-23,Buy,75,110.31
HUBC,28-Dec-23,Sell,50,119.98
EFERT,2-Jan-24,Sell,175,114.795
OGDC,4-Jan-24,Sell,300,124.778
HUBC,4-Jan-24,Buy,150,120.724
EFERT,8-Jan-24,Sell,100,122.49
EFERT,8-Jan-24,Buy,100,122.22
EFERT,9-Jan-24,Sell,350,121.98
HUBC,9-Jan-24,Buy,200,120.21
MTL,9-Jan-24,Buy,20,580.02
OGDC,9-Jan-24,Sell,100,123.48
EFERT,11-Jan-24,Buy,50,121.466
MTL,15-Jan-24,Buy,15,578.489
EFERT,15-Jan-24,Buy,50,120.614
EFERT,16-Jan-24,Buy,50,119.512
MTL,16-Jan-24,Buy,15,565.968
HUBC,16-Jan-24,Buy,75,119.973
MTL,17-Jan-24,Buy,20,561
HUBC,17-Jan-24,Buy,100,118.12
HUBC,17-Jan-24,Buy,100,115.01
HUBC,17-Jan-24,Sell,100,117.28
MTL,17-Jan-24,Buy,15,556
MTL,18-Jan-24,Buy,15,546.935
HUBC,18-Jan-24,Buy,75,115.215
OGDC,19-Jan-24,Sell,250,124.529
MTL,22-Jan-24,Buy,10,541.426
HUBC,22-Jan-24,Buy,75,118.46
EFERT,23-Jan-24,Buy,75,125.723
MTL,23-Jan-24,Buy,10,536.979
OGDC,23-Jan-24,Buy,100,137.26
OGDC,23-Jan-24,Buy,50,137.26
OGDC,23-Jan-24,Buy,75,136.25
OGDC,24-Jan-24,Sell,75,145.942
HUBC,24-Jan-24,Buy,75,117.419
HUBC,25-Jan-24,Buy,75,116.707
OGDC,25-Jan-24,Buy,100,137.75
OGDC,25-Jan-24,Buy,100,135.35
OGDC,26-Jan-24,Sell,200,140.132
EFERT,26-Jan-24,Sell,100,129.62
HUBC,26-Jan-24,Buy,100,114.914
EFERT,29-Jan-24,Buy,50,124.931
MTL,29-Jan-24,Buy,10,529.3
HUBC,29-Jan-24,Buy,100,114.404
MTL,29-Jan-24,Buy,10,522.5
EFERT,30-Jan-24,Buy,50,123.229
OGDC,30-Jan-24,Buy,50,133.336
MTL,30-Jan-24,Buy,15,516.073
MTL,31-Jan-24,Sell,15,527.854
OGDC,31-Jan-24,Sell,50,137.247
HUBC,1-Feb-24,Buy,100,113.232
EFERT,1-Feb-24,Buy,100,121.025
EFERT,2-Feb-24,Buy,250,124.13
HUBC,2-Feb-24,Buy,100,113.903
OGDC,6-Feb-24,Sell,375,154.667
MTL,7-Feb-24,Sell,30,559.839
OGDC,7-Feb-24,Buy,175,151.026
EFERT,9-Feb-24,Sell,250,124.948
HUBC,9-Feb-24,Buy,150,115.726
OGDC,9-Feb-24,Buy,150,145.055
OGDC,12-Feb-24,Buy,50,134.427
MTL,12-Feb-24,Buy,20,550.191
HUBC,12-Feb-24,Buy,100,113.702
OGDC,13-Feb-24,Sell,1325,124.928
EFERT,14-Feb-24,Buy,75,126.724
MTL,14-Feb-24,Sell,20,560.838
OGDC,15-Feb-24,Buy,50,120.8
OGDC,15-Feb-24,Buy,50,117.25
OGDC,15-Feb-24,Buy,50,115.22
EFERT,15-Feb-24,Buy,75,126.234
HUBC,15-Feb-24,Buy,100,111.298
OGDC,16-Feb-24,Buy,50,108.444
MTL,16-Feb-24,Buy,20,544.7
MTL,16-Feb-24,Buy,10,537.65
HUBC,16-Feb-24,Buy,100,108.704
EFERT,16-Feb-24,Buy,100,129.73
OGDC,20-Feb-24,Buy,100,117
OGDC,20-Feb-24,Buy,50,113.7
MTL,21-Feb-24,Sell,10,549.058
HUBC,22-Feb-24,Sell,600,115.045
MTL,22-Feb-24,Sell,20,562.036
EFERT,23-Feb-24,Sell,75,133.753
HUBC,23-Feb-24,Buy,250,111.108
OGDC,26-Feb-24,Buy,250,126.724
OGDC,27-Feb-24,Buy,100,123.35
OGDC,27-Feb-24,Buy,100,122.2
HUBC,27-Feb-24,Buy,150,112.47
EFERT,28-Feb-24,Sell,100,139.9
HUBC,28-Feb-24,Buy,100,111.7
EFERT,29-Feb-24,Sell,75,144.495
MTL,29-Feb-24,Sell,45,588.668
HUBC,4-Mar-24,Sell,100,115.893
OGDC,4-Mar-24,Sell,100,129.28
OGDC,5-Mar-24,Sell,100,127.923
MTL,5-Mar-24,Sell,35,613.848
EFERT,5-Mar-24,Sell,75,146.272
HUBC,6-Mar-24,Sell,150,116.792
MTL,8-Mar-24,Buy,50,599.014
OGDC,8-Mar-24,Sell,100,128.771
HUBC,8-Mar-24,Buy,50,116.517
MTL,14-Mar-24,Buy,20,577.988
OGDC,14-Mar-24,Buy,150,125.272
EFERT,18-Mar-24,Buy,75,143.653
HUBC,18-Mar-24,Buy,50,116.738
OGDC,18-Mar-24,Buy,150,123.319
OGDC,20-Mar-24,Buy,100,122.317
MTL,21-Mar-24,Buy,22,582.997
OGDC,21-Mar-24,Buy,120,120.314
EFERT,22-Mar-24,Buy,75,144.294
OGDC,22-Mar-24,Buy,50,118.721
OGDC,25-Mar-24,Buy,75,143.3
EFERT,16-Apr-24,Sell,76,151.212
OGDC,16-Apr-24,Sell,170,135.17
EFERT,17-Apr-24,Buy,76,148.611
OGDC,17-Apr-24,Buy,100,132.084
HUBC,17-Apr-24,Sell,100,130.768
HUBC,23-Apr-24,Buy,200,131.733
OGDC,23-Apr-24,Buy,100,134.638
MTL,24-Apr-24,Sell,22,629.92
MTL,25-Apr-24,Sell,20,615.944
EFERT,30-Apr-24,Buy,100,159.28
MTL,30-Apr-24,Buy,29,609.151
MTL,2-May-24,Buy,29,599.074
OGDC,6-May-24,Sell,100,139.753
EFERT,7-May-24,Buy,100,154.622
EFERT,8-May-24,Buy,100,150.525
OGDC,8-May-24,Buy,100,133.887
MTL,8-May-24,Buy,15,607.037
HUBC,8-May-24,Sell,200,139.583
EFERT,9-May-24,Buy,100,148.511
HUBC,9-May-24,Buy,150,136.992
EFERT,10-May-24,Buy,50,147.059
EFERT,16-May-24,Buy,50,153.069
EFERT,29-May-24,Sell,50,158.072
HUBC,3-Jun-24,Sell,150,143.716
OGDC,3-Jun-24,Buy,100,132.284
EFERT,3-Jun-24,Sell,50,158.721
OGDC,5-Jun-24,Buy,100,127.586
MTL,5-Jun-24,Sell,44,638.905
HUBC,5-Jun-24,Buy,50,140.484
OGDC,7-Jun-24,Buy,100,123.469
MTL,7-Jun-24,Sell,29,656.709
OGDC,11-Jun-24,Buy,100,119.362
HUBC,11-Jun-24,Buy,100,137.783
OGDC,20-Jun-24,Sell,100,132.715
EFERT,21-Jun-24,Sell,100,164.2
MTL,21-Jun-24,Sell,50,659.86
MTL,24-Jun-24,Buy,30,638.591
OGDC,24-Jun-24,Sell,200,131.167
HUBC,24-Jun-24,Sell,150,163.922
EFERT,27-Jun-24,Buy,100,168.094
MTL,27-Jun-24,Buy,20,645.092
MTL,27-Jun-24,Buy,20,641.125
MTL,2-Jul-24,Buy,30,634.613
HUBC,5-Jul-24,Sell,250,163.697
EFERT,9-Jul-24,Buy,150,169.452
OGDC,9-Jul-24,Buy,100,134.862
HUBC,9-Jul-24,Buy,150,162.79
HUBC,10-Jul-24,Buy,100,161.538
MTL,10-Jul-24,Buy,25,618.627
MTL,11-Jul-24,Buy,25,615
HUBC,11-Jul-24,Buy,100,156.01
OGDC,11-Jul-24,Buy,100,132.83
OGDC,12-Jul-24,Buy,100,130.575
MTL,15-Jul-24,Buy,25,612.565
HUBC,22-Jul-24,Buy,150,151.87
HUBC,25-Jul-24,Buy,150,148.8363
EFERT,26-Jul-24,Sell,400,170.186
OGDC,26-Jul-24,Buy,100,129.0322
HUBC,31-Jul-24,Buy,150,147.3538
HUBC,6-Aug-24,Buy,100,143.7476
EFERT,7-Aug-24,Buy,100,167.1077
OGDC,8-Aug-24,Sell,100,137.6022
EFERT,9-Aug-24,Buy,50,165.4448
MTL,13-Aug-24,Buy,25,601.2
EFERT,13-Aug-24,Buy,50,162.2994
MTL,13-Aug-24,Buy,25,596
OGDC,15-Aug-24,Sell,100,134.9468
MTL,15-Aug-24,Buy,25,587.0108
HUBC,19-Aug-24,Sell,100,150.36
MTL,19-Aug-24,Buy,35,556.1077
EFERT,21-Aug-24,Buy,100,161.57
MTL,26-Aug-24,Buy,20,535.9
HUBC,26-Aug-24,Sell,150,153.94
MTL,27-Aug-24,Buy,30,525.8
MTL,27-Aug-24,Buy,30,516.8
EFERT,27-Aug-24,Buy,100,160.46
MTL,29-Aug-24,Sell,30,538.12
MTL,2-Sep-24,Sell,30,569.38
HUBC,3-Sep-24,Buy,50,0
MTL,3-Sep-24,Buy,9,0
MTL,4-Sep-24,Sell,64,609.88
HUBC,5-Sep-24,Sell,50,152.96
MTL,5-Sep-24,Buy,30,596.2
OGDC,5-Sep-24,Sell,100,136.97
HUBC,9-Sep-24,Buy,150,151.15
MTL,9-Sep-24,Buy,36,575.4
MTL,9-Sep-24,Buy,30,555.5
MTL,9-Sep-24,Buy,25,552
EFERT,10-Sep-24,Sell,200,165.21
OGDC,16-Sep-24,Sell,100,142.8
EFERT,16-Sep-24,Sell,100,172.38
HUBC,19-Sep-24,Buy,100,148.35
HUBC,20-Sep-24,Buy,125,143.2
EFERT,20-Sep-24,Sell,100,183.55
OGDC,20-Sep-24,Buy,100,142.02
HUBC,24-Sep-24,Buy,50,130.47
OGDC,24-Sep-24,Buy,75,138.29
HUBC,26-Sep-24,Buy,325,124.44
OGDC,26-Sep-24,Sell,75,143
HUBC,30-Sep-24,Buy,75,120.68
HUBC,1-Oct-24,Sell,75,125.95
HUBC,2-Oct-24,Buy,75,124.19
HUBC,7-Oct-24,Buy,75,121.93
HUBC,8-Oct-24,Buy,175,115.19
EFERT,9-Oct-24,Buy,50,202.91
OGDC,9-Oct-24,Sell,100,169.6
EFERT,10-Oct-24,Buy,30,197.21
HUBC,11-Oct-24,Buy,100,103.98
HUBC,14-Oct-24,Buy,30,99.35
EFERT,14-Oct-24,Buy,20,197.2
EFERT,15-Oct-24,Buy,30,188.26
EFERT,15-Oct-24,Sell,30,196
MTL,17-Oct-24,Buy,10,543.12
MTL,18-Oct-24,Buy,25,536.47
OGDC,18-Oct-24,Buy,100,165.23
MTL,21-Oct-24,Sell,35,569.99
HUBC,22-Oct-24,Sell,30,104.93
MTL,23-Oct-24,Buy,25,552.91
OGDC,24-Oct-24,Sell,100,174.5
MTL,28-Oct-24,Buy,25,544.88
MTL,4-Nov-24,Sell,50,564.04
OGDC,8-Nov-24,Sell,300,188.82
HUBC,13-Nov-24,Sell,100,109.29
OGDC,28-Nov-24,Buy,200,190.7
MTL,28-Nov-24,Sell,55,574.49
OGDC,28-Nov-24,Buy,150,190.7
OGDC,2-Dec-24,Sell,150,199.99
OGDC,2-Dec-24,Buy,200,191.56
EFERT,3-Dec-24,Buy,100,200.01
HUBC,4-Dec-24,Buy,350,113.73
MTL,4-Dec-24,Sell,36,604.5
MTL,9-Dec-24,Sell,30,635.99
MTL,10-Dec-24,Buy,80,646.1326
OGDC,10-Dec-24,Buy,100,193.4432
OGDC,11-Dec-24,Sell,100,200.234
MTL,12-Dec-24,Buy,25,639.12
OGDC,16-Dec-24,Buy,100,232.61
HUBC,16-Dec-24,Sell,175,123.98
MTL,16-Dec-24,Buy,25,627.53
OGDC,17-Dec-24,Buy,100,227.21
MTL,17-Dec-24,Buy,30,615
MTL,18-Dec-24,Buy,50,601.01
OGDC,18-Dec-24,Buy,100,218.62
EFERT,18-Dec-24,Buy,200,199.02
MEBL,18-Dec-24,Buy,50,224.81
MEBL,18-Dec-24,Buy,50,215.02
BAFL,18-Dec-24,Buy,200,79.01
HUBC,19-Dec-24,Buy,100,125.2
EFERT,19-Dec-24,Buy,50,193.51
MEBL,19-Dec-24,Buy,100,211.01
MEBL,23-Dec-24,Buy,50,221.01
OGDC,24-Dec-24,Sell,100,241.49
HUBC,24-Dec-24,Sell,100,132.99
OGDC,24-Dec-24,Buy,100,227.02
HUBC,26-Dec-24,Sell,425,127.89
OGDC,26-Dec-24,Buy,100,224.82
OGDC,26-Dec-24,Buy,50,217.76
OGDC,27-Dec-24,Buy,100,221.11
MEBL,30-Dec-24,Buy,50,238.02
EFERT,30-Dec-24,Sell,50,204.95
MEBL,1-Jan-25,Sell,50,243.39
BAFL,1-Jan-25,Sell,150,83.99
EFERT,2-Jan-25,Sell,100,215.18
MEBL,2-Jan-25,Sell,50,246.99
MEBL,2-Jan-25,Sell,50,252.48
MEBL,2-Jan-25,Buy,75,248.26
OGDC,2-Jan-25,Buy,150,222.23
BAFL,2-Jan-25,Sell,35,87.16
MEBL,3-Jan-25,Buy,50,245.56
EFERT,6-Jan-25,Sell,200,235.99
MEBL,6-Jan-25,Sell,150,242.99
OGDC,6-Jan-25,Buy,100,216.3
MTL,7-Jan-25,Buy,20,690.11
EFERT,7-Jan-25,Buy,100,221.06
BAFL,8-Jan-25,Buy,45,84.52
MTL,9-Jan-25,Buy,20,678
OGDC,10-Jan-25,Buy,50,217.02
EFERT,10-Jan-25,Buy,50,218.51
MEBL,13-Jan-25,Buy,50,235.01
HUBC,13-Jan-25,Buy,150,127.51
BAFL,13-Jan-25,Buy,50,82.01
ENGROH,13-Jan-25,Buy,482,62.6
ENGROH,13-Jan-25,Sell,432,226.39
MTL,14-Jan-25,Sell,40,710.95
OGDC,14-Jan-25,Sell,150,222.44
BAFL,14-Jan-25,Buy,45,81.11
EFERT,15-Jan-25,Buy,100,218.02
ENGROH,15-Jan-25,Buy,30,214.96
MTL,16-Jan-25,Buy,20,698.51
BAFL,16-Jan-25,Sell,45,83.19
ENGROH,16-Jan-25,Buy,35,215.51
HUBC,20-Jan-25,Sell,150,139.59
MEBL,20-Jan-25,Buy,50,240.16
BAFL,20-Jan-25,Buy,150,84.07
MTL,21-Jan-25,Sell,20,709.98
OGDC,22-Jan-25,Buy,100,216.51
HUBC,22-Jan-25,Buy,50,131.51
MTL,22-Jan-25,Buy,20,681.76
OGDC,24-Jan-25,Buy,50,212.31
ENGROH,27-Jan-25,Sell,30,227.47
OGDC,28-Jan-25,Buy,100,205.53
HUBC,28-Jan-25,Buy,50,128.52
EFERT,28-Jan-25,Buy,75,226.11
MEBL,28-Jan-25,Buy,50,237.56
ENGROH,28-Jan-25,Buy,25,219.51
EFERT,29-Jan-25,Buy,25,222.67
BAFL,29-Jan-25,Buy,50,81.01
BAFL,30-Jan-25,Buy,50,80.11
EFERT,3-Feb-25,Buy,60,218.34
OGDC,3-Feb-25,Buy,60,204
MTL,3-Feb-25,Buy,20,665.27
MTL,4-Feb-25,Buy,10,642.03
OGDC,4-Feb-25,Buy,100,199.05
ENGROH,4-Feb-25,Buy,35,212.71
MEBL,6-Feb-25,Buy,20,237.08
MTL,6-Feb-25,Buy,5,620.02
EFERT,6-Feb-25,Buy,55,212.58
ENGROH,6-Feb-25,Buy,25,205.62
BAFL,10-Feb-25,Buy,50,78.51
EFERT,11-Feb-25,Sell,55,216.95
MTL,12-Feb-25,Sell,15,647.94
OGDC,12-Feb-25,Sell,100,208.2
BAFL,12-Feb-25,Buy,50,77.15
OGDC,14-Feb-25,Buy,20,203.51
HUBC,17-Feb-25,Sell,50,132.19
MTL,17-Feb-25,Buy,10,627.01
OGDC,17-Feb-25,Buy,20,199.55
MEBL,17-Feb-25,Buy,20,234.04
BAFL,18-Feb-25,Sell,50,79.49
EFERT,19-Feb-25,Sell,60,226.56
OGDC,19-Feb-25,Sell,20,204.98
MTL,20-Feb-25,Sell,10,667.98
BAFL,21-Feb-25,Buy,70,77.41
OGDC,26-Feb-25,Sell,80,210.38
ENGROH,26-Feb-25,Buy,25,197.51
MTL,28-Feb-25,Sell,100,678.49
EFERT,5-Mar-25,Buy,35,220.51
MTL,5-Mar-25,Buy,110,600.02
ENGROH,5-Mar-25,Buy,100,182.14
MEBL,6-Mar-25,Sell,40,241.0235
ENGROH,10-Mar-25,Buy,50,186.51
EFERT,11-Mar-25,Sell,35,224.59
OGDC,11-Mar-25,Sell,100,215.74
HUBC,11-Mar-25,Buy,50,129.52
MTL,11-Mar-25,Buy,20,590.01
POL,11-Mar-25,Buy,20,564.52
BAFL,11-Mar-25,Buy,60,75.51
EFERT,17-Mar-25,Buy,45,216.89
FCL,3-Dec-25,Buy,84,0
POL,17-Mar-25,Buy,15,559.01
POL,17-Mar-25,Buy,15,550.71
MEBL,19-Mar-25,Sell,150,247.47
HUBC,19-Mar-25,Sell,325,140.74
MEBL,20-Mar-25,Buy,40,241.51
ENGROH,20-Mar-25,Sell,150,194.33
HUBC,21-Mar-25,Sell,225,142.49
OGDC,21-Mar-25,Sell,150,228.75
EFERT,24-Mar-25,Buy,76,207.76
MEBL,24-Mar-25,Buy,100,235.02
EFERT,25-Mar-25,Buy,50,208.51
OGDC,26-Mar-25,Sell,150,232.89
MTL,26-Mar-25,Buy,35,591.11
FCL,8-Jan-26,Buy,151,26.51
MEBL,27-Mar-25,Sell,100,247.79
MEBL,3-Apr-25,Sell,40,248.99
EFERT,4-Apr-25,Buy,200,209.97
FCL,17-Mar-25,Buy,300,24.51
BAFL,4-Apr-25,Buy,250,74.61
EFERT,7-Apr-25,Buy,99,202.03
HUBC,7-Apr-25,Buy,150,137.51
OGDC,7-Apr-25,Buy,65,215.01
FCL,26-Mar-25,Buy,300,24.21
POL,7-Apr-25,Buy,25,519.04
OGDC,7-Apr-25,Buy,65,215.01
OGDC,7-Apr-25,Buy,70,215.01
BAFL,7-Apr-25,Buy,99,72.12
ENGROH,7-Apr-25,Buy,101,177.01
MEBL,8-Apr-25,Sell,75,260.49
EFERT,9-Apr-25,Buy,50,193.22
HUBC,9-Apr-25,Buy,50,134.51
FCL,4-Apr-25,Buy,350,24.04
EFERT,9-Apr-25,Buy,51,193.22
ENGROH,9-Apr-25,Buy,45,169.34
POL,10-Apr-25,Sell,25,531.98
EFERT,11-Apr-25,Buy,44,184.79
MEBL,11-Apr-25,Buy,75,254.51
EFERT,11-Apr-25,Buy,55,184.79
BAFL,14-Apr-25,Buy,99,73.51
MEBL,16-Apr-25,Buy,45,251.61
POL,24-Apr-25,Buy,15,516.01
EFERT,28-Apr-25,Buy,45,175.26
OGDC,28-Apr-25,Buy,51,209.91
MEBL,28-Apr-25,Sell,45,277.48
BAFL,28-Apr-25,Buy,155,71.64
ENGROH,28-Apr-25,Buy,51,157.01
MEBL,30-Apr-25,Buy,20,268.01
OGDC,30-Apr-25,Buy,30,201.02
MTL,30-Apr-25,Buy,14,582.01
EFERT,30-Apr-25,Buy,25,163.52
MTL,7-May-25,Buy,15,561.01
FCL,7-Apr-25,Buy,450,23.32
BAFL,7-May-25,Buy,150,69.11
EFERT,8-May-25,Buy,75,146.13
HUBC,8-May-25,Buy,75,117.02
MTL,8-May-25,Buy,20,512.01
MEBL,8-May-25,Buy,30,248.02
FCL,9-Apr-25,Buy,300,22.76
POL,8-May-25,Buy,13,490.01
BAFL,8-May-25,Buy,100,67.01
ENGROH,8-May-25,Buy,50,144.01
EFERT,9-May-25,Sell,75,161.73
HUBC,9-May-25,Sell,75,124.49
MTL,9-May-25,Sell,20,539.49
OGDC,9-May-25,Buy,30,183.01
EFERT,13-May-25,Sell,25,178.77
MEBL,13-May-25,Sell,30,280.89
MTL,13-May-25,Sell,15,584.98
OGDC,13-May-25,Sell,111,214.5
FCL,7-May-25,Buy,300,21.31
POL,13-May-25,Sell,28,542.97
BAFL,13-May-25,Sell,250,75.47
ENGROH,13-May-25,Sell,50,164.48
HUBC,14-May-25,Sell,50,139.99
MEBL,14-May-25,Sell,75,283.99
BAFL,14-May-25,Sell,155,74.44
MEBL,15-May-25,Sell,20,285.99
ENGROH,19-May-25,Sell,96,186.99
MTL,20-May-25,Buy,22,576.13
EFERT,20-May-25,Sell,45,181.49
BAFL,20-May-25,Buy,51,73.28
ENGROH,20-May-25,Buy,56,179.56
POL,21-May-25,Buy,17,535.01
BAFL,21-May-25,Buy,61,73.26
FCL,8-May-25,Buy,300,19.22
ENGROH,23-May-25,Buy,50,182.51
ENGROH,23-May-25,Buy,49,182.51
OGDC,26-May-25,Buy,75,208.03
FCL,13-May-25,Sell,300,21.98
MEBL,30-May-25,Sell,45,293.99
MEBL,30-May-25,Sell,4,306.99
MTL,30-May-25,Buy,15,560.02
POL,30-May-25,Buy,22,527.71
MEBL,3-Jun-25,Buy,18,304.02
MEBL,3-Jun-25,Buy,15,302.01
OGDC,3-Jun-25,Buy,70,208.01
ENGROH,3-Jun-25,Buy,25,177.51
MEBL,4-Jun-25,Sell,15,311.99
BAFL,4-Jun-25,Sell,61,77.22
MEBL,10-Jun-25,Buy,22,309.36
BAFL,10-Jun-25,Sell,51,78.89
BAFL,12-Jun-25,Sell,88,80.44
HUBC,13-Jun-25,Buy,100,136.06
MTL,13-Jun-25,Buy,12,555.01
HUBC,13-Jun-25,Buy,45,136.06
ENGROH,14-Jun-25,Buy,25,201.31
BAFL,16-Jun-25,Buy,90,76.71
MEBL,17-Jun-25,Buy,22,307.07
HUBC,18-Jun-25,Buy,85,135.11
HUBC,18-Jun-25,Buy,65,134.12
OGDC,18-Jun-25,Sell,70,212.84
FCL,23-May-25,Sell,300,23.48
FCL,27-May-25,Buy,350,23.59
ENGROH,19-Jun-25,Buy,24,170.37
OGDC,21-Jun-25,Sell,75,214.39
OGDC,23-Jun-25,Buy,55,208.71
MTL,23-Jun-25,Buy,15,538.02
FCL,18-Jun-25,Buy,449,23.08
BAFL,23-Jun-25,Buy,90,74.05
OGDC,24-Jun-25,Sell,55,215.88
MEBL,24-Jun-25,Sell,22,314.94
BAFL,24-Jun-25,Sell,80,76.99
HUBC,25-Jun-25,Buy,150,139.45
HUBC,25-Jun-25,Sell,150,139.49
MEBL,25-Jun-25,Sell,40,324.89
MEBL,26-Jun-25,Buy,11,320.06
POL,27-Jun-25,Sell,22,570.46
ENGROH,27-Jun-25,Sell,24,182.49
MTL,30-Jun-25,Sell,15,558.99
BAFL,30-Jun-25,Sell,90,80.23
POL,1-Jul-25,Sell,17,599
ENGROH,1-Jul-25,Sell,25,188.99
MEBL,2-Jul-25,Sell,10,356.99
FCL,19-Jun-25,Buy,512,22.75
OGDC,2-Jul-25,Sell,65,222.79
MTL,2-Jul-25,Sell,12,571.99
BAFL,2-Jul-25,Sell,60,83.44
HUBC,3-Jul-25,Sell,150,139.99
OGDC,3-Jul-25,Sell,70,226.48
EFERT,3-Jul-25,Sell,55,195.34
FCL,23-Jun-25,Buy,300,22.53
OGDC,7-Jul-25,Sell,65,227.99
MTL,9-Jul-25,Buy,15,557.01
BAFL,9-Jul-25,Sell,349,88.88
OGDC,15-Jul-25,Buy,175,226.11
OGDC,15-Jul-25,Buy,75,224.13
MEBL,15-Jul-25,Buy,45,365.51
MEBL,16-Jul-25,Buy,20,356.02
BAFL,16-Jul-25,Sell,301,91.78
ENGROH,16-Jul-25,Sell,56,196.63
EFERT,17-Jul-25,Sell,44,201.98
FCL,2-Jul-25,Sell,512,24.95
OGDC,18-Jul-25,Buy,99,223.01
OGDC,21-Jul-25,Buy,80,221.71
MEBL,21-Jul-25,Buy,35,356.01
BAFL,22-Jul-25,Buy,111,91.41
POL,24-Jul-25,Sell,15,615.69
EFERT,24-Jul-25,Sell,51,218.09
MEBL,24-Jul-25,Buy,39,352.51
ENGROH,24-Jul-25,Sell,49,210.49
MEBL,28-Jul-25,Buy,29,350.51
BAFL,28-Jul-25,Buy,55,89.92
POL,29-Jul-25,Sell,20,616.39
EFERT,29-Jul-25,Buy,31,203.01
OGDC,31-Jul-25,Buy,179,234.69
POL,31-Jul-25,Sell,4,662.99
BAFL,31-Jul-25,Buy,187,87.81
HUBC,4-Aug-25,Sell,45,155
OGDC,5-Aug-25,Sell,1000,258.75
EFERT,8-Aug-25,Sell,81,211.99
POL,8-Aug-25,Buy,8,645.01
POL,11-Aug-25,Buy,17,646.07
HUBC,12-Aug-25,Sell,250,164.18
OGDC,12-Aug-25,Sell,350,272.49
BAFL,12-Aug-25,Sell,55,95.48
EFERT,13-Aug-25,Buy,64,204.05
OGDC,15-Aug-25,Buy,158,262.68
HUBC,18-Aug-25,Buy,150,159.01
BAFL,18-Aug-25,Sell,45,95.99
HUBC,19-Aug-25,Buy,65,160.02
HUBC,19-Aug-25,Buy,51,157.71
OGDC,19-Aug-25,Buy,59,259.01
BAFL,20-Aug-25,Sell,53,103.75
MEBL,22-Aug-25,Sell,163,408.49
MEBL,25-Aug-25,Buy,14,394.01
MEBL,28-Aug-25,Buy,23,394.06
BAFL,28-Aug-25,Sell,395,104.99
OGDC,29-Aug-25,Buy,42,260.12
EFERT,1-Sep-25,Sell,1,0
HUBC,1-Sep-25,Sell,100,0
MEBL,1-Sep-25,Buy,26,391.56
FCL,4-Jul-25,Sell,300,25.88
MEBL,2-Sep-25,Buy,41,391.01
HUBC,3-Sep-25,Sell,57,173.9
MTL,3-Sep-25,Buy,37,570.47
EFERT,3-Sep-25,Buy,61,210.51
MEBL,4-Sep-25,Buy,51,388.61
BAFL,4-Sep-25,Buy,51,105.51
ENGROH,4-Sep-25,Sell,171,231.39
FCL,18-Jul-25,Buy,200,24.94
ENGROH,5-Sep-25,Buy,51,225.01
BAFL,9-Sep-25,Buy,52,104.52
ENGROH,9-Sep-25,Sell,51,242.74
ENGROH,16-Sep-25,Buy,100,235.53
BAFL,19-Sep-25,Buy,59,102.91
MEBL,22-Sep-25,Sell,51,407.49
OGDC,25-Sep-25,Buy,77,277.71
BAFL,25-Sep-25,Buy,92,100.71
MTL,26-Sep-25,Buy,26,556.02
HUBC,29-Sep-25,Sell,65,231.99
MTL,29-Sep-25,Buy,24,544.04
BAFL,29-Sep-25,Sell,92,107.24
EFERT,30-Sep-25,Sell,125,221.99
MTL,30-Sep-25,Buy,26,528.52
POL,1-Oct-25,Sell,35,724.99
ENGROH,1-Oct-25,Sell,51,254.99
ENGROH,1-Oct-25,Buy,51,235.53
OGDC,2-Oct-25,Buy,86,276.12
MTL,2-Oct-25,Buy,49,512.01
HUBC,3-Oct-25,Sell,525,236.84
MEBL,3-Oct-25,Sell,41,467
OGDC,3-Oct-25,Buy,68,278.01
MEBL,3-Oct-25,Buy,21,458.02
HUBC,6-Oct-25,Buy,183,223.06
ENGROH,6-Oct-25,Sell,100,250.99
HUBC,7-Oct-25,Buy,107,219.04
MEBL,7-Oct-25,Buy,21,449.01
POL,8-Oct-25,Buy,11,711.01
OGDC,8-Oct-25,Buy,62,272.26
EFERT,9-Oct-25,Sell,35,233.99
EFERT,9-Oct-25,Sell,229,233.99
EFERT,9-Oct-25,Sell,161,233.69
HUBC,9-Oct-25,Buy,99,212.02
OGDC,9-Oct-25,Buy,68,268.02
HUBC,10-Oct-25,Buy,99,211.01
POL,13-Oct-25,Buy,22,690.21
HUBC,13-Oct-25,Buy,115,203.07
OGDC,13-Oct-25,Buy,155,255.66
EFERT,13-Oct-25,Buy,101,221.51
ENGROH,13-Oct-25,Buy,101,235.36
OGDC,16-Oct-25,Buy,84,264.01
FCL,2-Sep-25,Buy,377,23.77
POL,17-Oct-25,Buy,18,644.51
ENGROH,17-Oct-25,Buy,61,236.81
POL,14-Oct-25,Buy,25,708.25
ENGROH,20-Oct-25,Buy,53,236.11
POL,21-Oct-25,Buy,33,633.74
BAFL,23-Oct-25,Buy,30,109.11
ENGROH,23-Oct-25,Buy,32,230.53
EFERT,27-Oct-25,Sell,1145,212.92
MTL,28-Oct-25,Buy,31,500.01
POL,28-Oct-25,Buy,30,599.02
MEBL,28-Oct-25,Buy,21,437.81
EFERT,30-Oct-25,Buy,105,205.51
ENGROH,3-Nov-25,Buy,21,221.33
OGDC,3-Nov-25,Buy,88,258.03
MEBL,5-Nov-25,Buy,19,425.01
EFERT,6-Nov-25,Buy,65,203.53
OGDC,7-Nov-25,Buy,46,246.03
HUBC,10-Nov-25,Sell,115,215.24
BAFL,13-Nov-25,Buy,31,103.51
EFERT,14-Nov-25,Sell,65,214.99
BAFL,19-Nov-25,Buy,33,101.62
EFERT,20-Nov-25,Sell,155,216.49
ENGROH,20-Nov-25,Buy,26,212.02
OGDC,20-Nov-25,Sell,46,254.98
POL,20-Nov-25,Sell,30,624.99
ENGROH,21-Nov-25,Buy,37,212.01
POL,24-Nov-25,Buy,15,602.06
MEBL,24-Nov-25,Buy,22,413.76
MEBL,27-Nov-25,Sell,22,428.99
HUBC,1-Dec-25,Sell,198,224.39
MEBL,1-Dec-25,Sell,19,443.99
OGDC,1-Dec-25,Sell,88,270.99
FCL,5-Sep-25,Buy,286,23.86
OGDC,2-Dec-25,Sell,155,272.59
OGDC,3-Dec-25,Buy,76,267.81
FCL,17-Oct-25,Buy,403,23.03
POL,3-Dec-25,Buy,12,0
MEBL,4-Dec-25,Buy,23,433.51
OGDC,5-Dec-25,Sell,101,274.99
OGDC,10-Dec-25,Buy,35,270.01
FCL,2-Dec-25,Buy,666,23.66
FCL,15-Dec-25,Sell,84,26.18
ENGROH,17-Dec-25,Buy,21,215.49
HUBC,17-Dec-25,Buy,82,220.11
POL,17-Dec-25,Buy,20,615.01
BAFL,17-Dec-25,Sell,33,106.83
EFERT,18-Dec-25,Buy,11,221.37
FCL,16-Dec-25,Sell,403,26.59
ENGROH,18-Dec-25,Sell,84,229
HUBC,18-Dec-25,Buy,122,220.65
OGDC,22-Dec-25,Buy,77,267.11
OGDC,23-Dec-25,Buy,68,266.01
FCL,18-Dec-25,Buy,273,25.71
ENGROH,24-Dec-25,Buy,22,227.31
ENGROH,5-Jan-26,Sell,53,259.95
POL,26-Dec-25,Buy,45,608.78
MTL,6-Jan-26,Buy,21,531.01
MEBL,30-Dec-25,Sell,23,446.89
OGDC,30-Dec-25,Sell,68,280.98
EFERT,31-Dec-25,Buy,24,224.51
BAFL,31-Dec-25,Sell,31,109.35
FCL,24-Dec-25,Sell,273,27.06
EFERT,8-Jan-26,Buy,25,250.05
OGDC,1-Jan-26,Sell,77,288
ENGROH,2-Jan-26,Sell,22,251.74
OGDC,2-Jan-26,Sell,87,295.89
OGDC,2-Jan-26,Sell,299,295.49
MTL,5-Jan-26,Sell,31,545.88
OGDC,9-Jan-26,Buy,51,293.51
MEBL,5-Jan-26,Sell,21,465.89
OGDC,5-Jan-26,Sell,35,298.24
FCL,1-Jan-26,Sell,952,28.25
OGDC,6-Jan-26,Buy,53,293.39
POL,6-Jan-26,Sell,15,640
MEBL,6-Jan-26,Sell,21,490
BAFL,6-Jan-26,Sell,30,118.99
BAFL,19-Sep-25,Buy,32,102.91
FCL,5-Jan-26,Buy,381,26.81
BAFL,8-Jan-26,Sell,32,118.98
MEBL,9-Jan-26,Buy,24,483.21
POL,9-Jan-26,Sell,12,642.99
OGDC,12-Jan-26,Buy,18,290.77
OGDC,12-Jan-26,Buy,170,290.81
OGDC,12-Jan-26,Buy,34,290.81
MEBL,12-Jan-26,Buy,22,474.67
EFERT,12-Jan-26,Buy,72,245.02
HUBC,12-Jan-26,Buy,76,230.12
ENGROH,13-Jan-26,Buy,15,248.65
EFERT,14-Jan-26,Buy,26,241.26
HUBC,14-Jan-26,Buy,65,226.02
ENGROH,14-Jan-26,Buy,35,248.35
OGDC,12-Jan-26,Buy,108,290.81
OGDC,14-Jan-26,Sell,108,301.99
BAFL,15-Jan-26,Buy,50,116.51
ENGROH,15-Jan-26,Buy,47,247.58
HUBC,15-Jan-26,Buy,42,222.52
UBL,15-Jan-26,Buy,2,473.51
OGDC,16-Jan-26,Sell,52,326.96
FCL,16-Jan-26,Buy,235,25.35
EFERT,19-Jan-26,Buy,44,244.56
EFERT,19-Jan-26,Buy,142,242.51
POL,19-Jan-26,Buy,27,625.01
ENGROH,20-Jan-26,Sell,82,263.74
MEBL,20-Jan-26,Sell,22,494.49
OGDC,20-Jan-26,Sell,105,331.19
BAFL,15-Jan-26,Buy,51,116.51
POL,20-Jan-26,Buy,28,628.12
UBL,15-Jan-26,Buy,20,473.51
BAFL,20-Jan-26,Sell,51,122.49
UBL,20-Jan-26,Sell,20,499.99
UBL,21-Jan-26,Buy,32,490.52
EFERT,21-Jan-26,Buy,125,240.13
MEBL,21-Jan-26,Buy,32,485.01
OGDC,23-Jan-26,Buy,55,325.3
ENGROH,13-Jan-26,Buy,38,248.65
MEBL,26-Jan-26,Buy,31,480.01
POL,26-Jan-26,Buy,22,660.01
MEBL,26-Jan-26,Buy,27,477.15
ENGROH,26-Jan-26,Sell,38,280.69
ENGROH,27-Jan-26,Buy,65,265.04
FCL,27-Jan-26,Buy,386,24.86
EFERT,27-Jan-26,Buy,144,244.79
OGDC,27-Jan-26,Buy,65,323.31
UBL,27-Jan-26,Buy,25,485.04
BAFL,15-Jan-26,Buy,50,116.51
BAFL,28-Jan-26,Sell,50,127.99
EFERT,29-Jan-26,Buy,77,237.6
POL,29-Jan-26,Buy,22,650.01
ENGROH,29-Jan-26,Buy,41,250.51
HUBC,2-Feb-26,Buy,98,0
MTL,2-Feb-26,Sell,21,562.46
MEBL,4-Feb-26,Sell,27,515.14
MEBL,6-Feb-26,Buy,32,502.22
OGDC,6-Feb-26,Buy,54,321.54
UBL,6-Feb-26,Buy,22,494.13
ENGROH,9-Feb-26,Sell,41,271.38
OGDC,9-Feb-26,Buy,41,307.61
MTL,9-Feb-26,Sell,26,572.58
MEBL,9-Feb-26,Buy,31,489.51
ENGROH,10-Feb-26,Sell,210,283.65
EFERT,12-Feb-26,Buy,80,220.01
OGDC,12-Feb-26,Buy,31,301.01
FCL,12-Feb-26,Buy,321,25.21
EFERT,13-Feb-26,Buy,38,218.16
OGDC,13-Feb-26,Buy,55,295.01
UBL,13-Feb-26,Buy,22,480.03
POL,13-Feb-26,Buy,32,640.22
EFERT,16-Feb-26,Buy,35,215.02
HUBC,16-Feb-26,Buy,58,219.2
UBL,16-Feb-26,Buy,32,472
OGDC,16-Feb-26,Buy,55,290.01
UBL,16-Feb-26,Buy,22,456.01
MEBL,16-Feb-26,Buy,15,471.01
BAFL,16-Feb-26,Buy,126,122.81
BAFL,17-Feb-26,Buy,81,121.01
FCL,17-Feb-26,Buy,309,25.09
POL,18-Feb-26,Buy,22,627.16
EFERT,23-Feb-26,Buy,35,212.02
HUBC,23-Feb-26,Buy,61,216.61
MEBL,23-Feb-26,Buy,22,471.26
ENGROH,23-Feb-26,Buy,67,267.02
BAFL,23-Feb-26,Buy,88,119.66
FCL,23-Feb-26,Buy,391,23.91
MEBL,26-Feb-26,Buy,15,457.61
UBL,26-Feb-26,Buy,15,450.01
HUBC,4-Mar-26,Buy,55,204.02
OGDC,4-Mar-26,Buy,53,263.01
MEBL,4-Mar-26,Buy,30,438.99
ENGROH,4-Mar-26,Buy,40,252.01
EFERT,4-Mar-26,Buy,68,210.9
FCL,4-Mar-26,Buy,335,21.35
MTL,4-Mar-26,Buy,34,494.13
UBL,4-Mar-26,Buy,22,411.56
HUBC,5-Mar-26,Buy,40,216.57
POL,5-Mar-26,Buy,15,671.02
EFERT,5-Mar-26,Buy,40,213.52
ENGROH,5-Mar-26,Buy,35,259.22
EFERT,10-Mar-26,Buy,54,210.54
MEBL,10-Mar-26,Buy,35,460.01
FCL,10-Mar-26,Buy,289,21.89
UBL,10-Mar-26,Buy,58,388.02
OGDC,10-Mar-26,Buy,62,290.36
BAFL,10-Mar-26,Buy,87,117.66
POL,10-Mar-26,Buy,28,628.01
POL,11-Mar-26,Buy,12,619.02
ENGROH,11-Mar-26,Buy,50,268.51
UBL,12-Mar-26,Buy,30,367.02
OGDC,12-Mar-26,Buy,37,276.76
HUBC,12-Mar-26,Buy,55,199.76
BAFL,12-Mar-26,Buy,43,115.06
UBL,16-Mar-26,Buy,35,354.51
MEBL,16-Mar-26,Buy,41,421.01
HUBC,16-Mar-26,Buy,30,188.56
BAFL,17-Mar-26,Buy,88,107.45
EFERT,26-Mar-26,Buy,100,201.41
BAFL,26-Mar-26,Buy,88,110.01
OGDC,26-Mar-26,Buy,35,275.52
UBL,26-Mar-26,Buy,35,363.51
HUBC,26-Mar-26,Buy,55,201.91
MTL,26-Mar-26,Buy,22,495.03
FCL,27-Mar-26,Buy,351,20.51
OGDC,27-Mar-26,Buy,66,266.01
UBL,27-Mar-26,Buy,46,346.61
MEBL,27-Mar-26,Sell,41,457.99
UBL,30-Mar-26,Buy,35,335.22
EFERT,30-Mar-26,Buy,55,192.61
HUBC,30-Mar-26,Buy,55,192.06
OGDC,30-Mar-26,Buy,55,256.66
BAFL,30-Mar-26,Buy,55,105.78
UBL,31-Mar-26,Buy,35,338.82
HUBC,31-Mar-26,Buy,55,197.22
EFERT,31-Mar-26,Buy,45,189.04
OGDC,31-Mar-26,Buy,25,271.49
OGDC,2-Apr-26,Buy,45,270.95
EFERT,2-Apr-26,Buy,55,194.61
UBL,2-Apr-26,Buy,35,337.53
UBL,3-Apr-26,Buy,35,330.41
OGDC,3-Apr-26,Buy,25,273.01
UBL,6-Apr-26,Buy,45,309.02
EFERT,6-Apr-26,Buy,55,196.01
ENGROH,6-Apr-26,Buy,45,263.06
BAFL,6-Apr-26,Buy,55,112.81
HUBC,6-Apr-26,Buy,55,198.76
MEBL,6-Apr-26,Buy,55,475.25
OGDC,6-Apr-26,Buy,75,274.62
UBL,6-Apr-26,Buy,35,305.07
ENGROH,7-Apr-26,Buy,35,258.09
EFERT,10-Apr-26,Buy,50,209.8
HUBC,10-Apr-26,Buy,50,214.3
OGDC,10-Apr-26,Buy,45,297.68
MEBL,10-Apr-26,Buy,35,504.95
HUBC,10-Apr-26,Buy,155,214.49
EFERT,13-Apr-26,Buy,175,203.71
ENGROH,13-Apr-26,Buy,75,270.97
HUBC,13-Apr-26,Buy,175,205.71
MEBL,13-Apr-26,Buy,75,476.99
OGDC,13-Apr-26,Buy,75,292.91
POL,13-Apr-26,Buy,40,643.01
EFERT,14-Apr-26,Buy,35,208.44
MTL,14-Apr-26,Buy,25,511.01
EFERT,15-Apr-26,Buy,45,211.52
FCL,15-Apr-26,Sell,351,22.29
POL,15-Apr-26,Buy,25,658.01
ENGROH,15-Apr-26,Sell,35,281.99
MEBL,15-Apr-26,Buy,35,495.01
OGDC,15-Apr-26,Buy,35,304.52
EFERT,16-Apr-26,Buy,55,214.02
MEBL,16-Apr-26,Buy,25,490.58
POL,16-Apr-26,Buy,22,656.11
BAFL,16-Apr-26,Buy,88,122.32
EFERT,17-Apr-26,Buy,55,212.99
UBL,20-Apr-26,Sell,80,418
BAFL,20-Apr-26,Buy,1016,0
BAFL,20-Apr-26,Buy,163,63.51
MEBL,20-Apr-26,Buy,25,485.03
UBL,21-Apr-26,Sell,70,443.94
FCL,21-Apr-26,Sell,335,22.47
HUBC,22-Apr-26,Buy,161,227
BAFL,22-Apr-26,Buy,164,64.56
FFC,22-Apr-26,Buy,5,529.32
FFC,22-Apr-26,Buy,227,529.89
POL,22-Apr-26,Buy,25,652.51
UBL,23-Apr-26,Buy,70,411.56
BAFL,23-Apr-26,Buy,163,63.11
FFC,23-Apr-26,Buy,35,526.56
EFERT,23-Apr-26,Buy,101,202.01
OGDC,23-Apr-26,Buy,100,318.5
POL,23-Apr-26,Buy,55,652.06
BAFL,23-Apr-26,Buy,261,61.02
UBL,23-Apr-26,Buy,80,402.85
BAFL,24-Apr-26,Buy,424,59.49
BAFL,27-Apr-26,Buy,690,61.34
UBL,27-Apr-26,Buy,61,411.01
OGDC,27-Apr-26,Buy,35,320.51
ENGROH,27-Apr-26,Buy,76,285.26
UBL,28-Apr-26,Buy,42,402.01
BAFL,29-Apr-26,Buy,570,60.46
EFERT,29-Apr-26,Buy,55,200.43
OGDC,29-Apr-26,Buy,51,318
ENGROH,29-Apr-26,Buy,45,283.05
FFC,29-Apr-26,Buy,27,517.02
ENGROH,30-Apr-26,Buy,35,270.02
UBL,30-Apr-26,Buy,32,380.02
OGDC,30-Apr-26,Buy,35,300.01
BAFL,30-Apr-26,Buy,200,59.02
FFC,4-May-26,Buy,32,507.98
ENGROH,4-May-26,Buy,45,273.28
BAFL,5-May-26,Buy,200,57.66
UBL,7-May-26,Sell,32,415.99
FFC,8-May-26,Buy,50,533.91
FFC,11-May-26,Buy,25,524.02
OGDC,11-May-26,Sell,70,326.68
UBL,11-May-26,Buy,42,410.51
HUBC,11-May-26,Buy,35,215.41
UBL,12-May-26,Buy,42,405.27
BAFL,12-May-26,Buy,128,59.68
UBL,15-May-26,Buy,45,378.16
HUBC,15-May-26,Buy,38,208.99
FFC,15-May-26,Buy,15,512.71
BAFL,15-May-26,Buy,63,57.82
FFC,21-May-26,Buy,35,529.03
FCL,21-May-26,Sell,289,24.14
OGDC,21-May-26,Sell,35,324.5
POL,21-May-26,Buy,30,658.18
UBL,21-May-26,Sell,45,399.48
HUBC,4-Jun-26,Buy,65,215.66
FFC,12-Jun-26,Buy,40,554.52
HUBC,12-Jun-26,Buy,75,219.02
UBL,15-Jun-26,Sell,84,421.48
MEBL,16-Jun-26,Sell,25,518.14
MTL,16-Jun-26,Sell,81,584.48
MTL,18-Jun-26,Sell,187,621.98
OGDC,18-Jun-26,Sell,126,336.89
FFC,19-Jun-26,Buy,95,562.91
MTL,22-Jun-26,Buy,1350,0
OGDC,23-Jun-26,Sell,145,337.99
POL,23-Jun-26,Buy,75,687
EFERT,23-Jun-26,Buy,105,199.02
FFC,23-Jun-26,Buy,45,557
MEBL,2-Jul-26,Sell,45,559.98
POL,2-Jul-26,Buy,22,687.01
EFERT,2-Jul-26,Buy,99,199.82
OGDC,6-Jul-26,Buy,216,349.71
FFC,6-Jul-26,Buy,55,570.3
MCB,6-Jul-26,Buy,165,428.06
MEBL,6-Jul-26,Sell,165,569.99
MTL,9-Jul-26,Buy,100,304.02
MCB,9-Jul-26,Buy,45,413.22
FCL,10-Jul-26,Sell,5200,24.09
MEBL,10-Jul-26,Sell,369,555.78
ENGROH,10-Jul-26,Sell,793,283.44
EFERT,10-Jul-26,Sell,2100,196.5
MTL,14-Jul-26,Sell,2750,288.78
BAFL,14-Jul-26,Sell,5000,57.33
FFC,14-Jul-26,Sell,286,547.89
HUBC,14-Jul-26,Sell,500,218.87
OGDC,14-Jul-26,Sell,3012,325.5
HUBC,15-Jul-26,Sell,2000,217.23
MCB,15-Jul-26,Buy,90,395.06
MTL,23-Jul-26,Buy,127,288.27
POL,23-Jul-26,Buy,32,680.01
OGDC,23-Jul-26,Buy,114,315.05
MTL,21-Jul-26,Buy,57,284.91
OGDC,21-Jul-26,Buy,115,318.03
ENGROH,21-Jul-26,Buy,51,276.51
HBL,20-Jul-26,Buy,64,304.01
OGDC,20-Jul-26,Buy,55,318.51
OGDC,17-Jul-26,Buy,60,324.51
ENGROH,24-Jul-26,Buy,55,270.07
FCL,24-Jul-26,Buy,251,23.51
FFC,24-Jul-26,Buy,31,531.31
BAFL,24-Jul-26,Buy,155,55.41
Total,,,7374,53.07484675
