Symbol,Date,Action,Units,Rate
OGDC,20-Aug-21,100,100,84.62
HUBC,11-Aug-21,100,100,76.22
OGDC,31-Aug-21,200,200,92.86
HUBC,11-Sep-21,200,200,74.23
EFERT,13-Sep-21,500,500,74.09
OGDC,16-Sep-21,766,766,83.99
OGDC,20-Sep-21,766,-766,85.46
EFERT,21-Sep-21,450,-450,72.79
EFERT,29-Sep-21,50,50,72.01
EFERT,1-Oct-21,50,50,70.31
MTL,21-Oct-21,50,50,895.56
EFERT,25-Oct-21,150,-150,69.83
MTL,3-Nov-21,50,50,875.38
HUBC,22-Nov-21,200,200,73.99
HUBC,22-Nov-21,100,100,73.04
HUBC,1-Dec-21,100,-100,74.75
MTL,6-Dec-21,20,20,881.10
MTL,8-Dec-21,20,-20,885.39
OGDC,13-Dec-21,260,260,85.07
HUBC,16-Dec-21,200,200,72.06
MTL,16-Dec-21,15,15,871.25
MTL,16-Dec-21,15,-15,870.80
OGDC,20-Dec-21,260,-260,85.69
EFERT,22-Dec-21,100,100,75.16
OGDC,23-Dec-21,200,200,87.05
HUBC,30-Dec-21,200,200,71.24
OGDC,30-Dec-21,200,200,85.39
MTL,3-Jan-22,8,8,863.47
OGDC,3-Jan-22,200,-200,86.85
EFERT,3-Jan-22,100,-100,76.02
HUBC,4-Jan-22,200,-200,72.47
MTL,4-Jan-22,8,-8,873.02
OGDC,4-Jan-22,200,-200,87.85
HUBC,5-Jan-22,200,200,73.21
MTL,5-Jan-22,50,-50,886.00
OGDC,5-Jan-22,200,200,88.05
OGDC,5-Jan-22,200,200,88.05
HUBC,6-Jan-22,200,-200,75.87
HUBC,7-Jan-22,200,-200,78.37
HUBC,10-Jan-22,100,-100,80.00
HUBC,10-Jan-22,200,200,79.57
HUBC,13-Jan-22,200,200,80.88
OGDC,18-Jan-22,200,-200,89.00
MTL,19-Jan-22,50,-50,883.61
OGDC,19-Jan-22,200,-200,89.61
HUBC,26-Jan-22,400,-400,80.15
OGDC,26-Jan-22,200,200,87.26
HUBC,28-Jan-22,400,-400,81.78
OGDC,28-Jan-22,200,200,86.77
OGDC,2-Feb-22,200,-200,89.09
OGDC,7-Feb-22,200,-200,90.48
OGDC,8-Feb-22,200,200,91.41
OGDC,9-Feb-22,200,-200,92.84
HUBC,10-Feb-22,120,120,77.00
OGDC,10-Feb-22,200,200,91.96
OGDC,11-Feb-22,200,200,90.28
HUBC,15-Feb-22,200,200,73.23
OGDC,15-Feb-22,200,200,89.05
HUBC,17-Feb-22,100,100,72.83
HUBC,18-Feb-22,100,-100,73.29
OGDC,18-Feb-22,200,-200,90.19
HUBC,21-Feb-22,200,200,72.63
OGDC,24-Feb-22,200,200,86.91
HUBC,25-Feb-22,22,22,71.13
OGDC,2-Mar-22,200,-200,92.34
HUBC,3-Mar-22,22,-22,72.03
OGDC,3-Mar-22,200,-200,94.32
HUBC,7-Mar-22,200,200,69.88
HUBC,8-Mar-22,200,200,67.85
OGDC,8-Mar-22,200,200,89.15
HUBC,11-Mar-22,100,100,66.86
OGDC,14-Mar-22,100,100,88.46
HUBC,15-Mar-22,100,-100,67.39
OGDC,15-Mar-22,100,100,85.81
MTL,16-Mar-22,20,20,783.85
OGDC,17-Mar-22,200,200,84.61
OGDC,17-Mar-22,200,200,82.40
HUBC,18-Mar-22,100,100,66.41
HUBC,21-Mar-22,100,-100,67.89
MTL,24-Mar-22,20,-20,791.76
OGDC,28-Mar-22,200,-200,83.86
HUBC,29-Mar-22,200,-200,70.16
HUBC,30-Mar-22,200,-200,72.00
HUBC,1-Apr-22,200,200,71.13
OGDC,5-Apr-22,200,200,81.05
OGDC,7-Apr-22,100,100,79.66
OGDC,11-Apr-22,100,-100,82.59
HUBC,13-Apr-22,200,-200,72.06
OGDC,13-Apr-22,200,-200,82.96
OGDC,13-Apr-22,200,200,82.39
OGDC,18-Apr-22,200,-200,86.74
HUBC,20-Apr-22,100,100,71.12
OGDC,20-Apr-22,29,29,84.76
HUBC,22-Apr-22,100,100,70.73
HUBC,25-Apr-22,100,-100,71.88
OGDC,25-Apr-22,29,-29,86.64
HUBC,27-Apr-22,200,200,70.63
OGDC,27-Apr-22,200,200,85.20
OGDC,27-Apr-22,200,200,84.50
OGDC,27-Apr-22,200,-200,86.35
HUBC,28-Apr-22,100,100,68.75
OGDC,28-Apr-22,100,100,84.05
OGDC,6-May-22,100,100,83.76
HUBC,9-May-22,100,100,67.22
OGDC,9-May-22,250,250,81.39
HUBC,11-May-22,100,100,66.53
OGDC,11-May-22,100,100,78.99
OGDC,13-May-22,100,-100,80.85
OGDC,26-May-22,90,90,75.19
OGDC,30-May-22,90,-90,78.85
HUBC,1-Jun-22,100,100,65.52
HUBC,1-Jun-22,100,100,64.63
OGDC,1-Jun-22,100,100,80.70
OGDC,1-Jun-22,100,100,80.20
HUBC,2-Jun-22,100,100,63.69
OGDC,2-Jun-22,100,100,77.53
OGDC,3-Jun-22,100,100,76.89
HUBC,6-Jun-22,100,-100,64.35
OGDC,6-Jun-22,100,-100,77.80
HUBC,7-Jun-22,100,100,63.63
HUBC,8-Jun-22,100,-100,64.89
OGDC,8-Jun-22,100,-100,78.46
HUBC,10-Jun-22,100,-100,65.82
OGDC,13-Jun-22,100,100,78.13
OGDC,15-Jun-22,100,-100,79.86
HUBC,16-Jun-22,100,-100,67.89
OGDC,16-Jun-22,100,-100,81.86
HUBC,17-Jun-22,100,-100,68.88
OGDC,17-Jun-22,100,-100,83.36
HUBC,20-Jun-22,100,100,66.65
OGDC,21-Jun-22,250,-250,82.86
HUBC,23-Jun-22,200,-200,69.08
HUBC,24-Jun-22,150,150,66.44
HUBC,24-Jun-22,150,150,65.45
OGDC,24-Jun-22,200,200,79.08
OGDC,24-Jun-22,200,200,78.10
HUBC,27-Jun-22,150,-150,66.74
OGDC,27-Jun-22,200,-200,80.04
OGDC,27-Jun-22,100,100,78.60
OGDC,29-Jun-22,150,150,78.11
HUBC,30-Jun-22,150,-150,67.89
OGDC,30-Jun-22,100,100,77.36
OGDC,30-Jun-22,150,-150,79.50
OGDC,1-Jul-22,100,100,78.15
HUBC,4-Jul-22,100,100,67.93
OGDC,4-Jul-22,100,100,77.82
OGDC,4-Jul-22,200,200,77.64
OGDC,5-Jul-22,100,100,77.06
OGDC,7-Jul-22,100,-100,79.84
OGDC,7-Jul-22,100,-100,79.86
OGDC,7-Jul-22,100,-100,79.95
OGDC,7-Jul-22,200,-200,80.14
HUBC,13-Jul-22,100,100,68.41
OGDC,13-Jul-22,400,-400,81.57
HUBC,14-Jul-22,100,-100,69.10
OGDC,15-Jul-22,100,100,83.00
HUBC,18-Jul-22,100,100,67.50
OGDC,18-Jul-22,100,100,81.55
OGDC,19-Jul-22,100,100,79.54
HUBC,20-Jul-22,100,100,67.13
HUBC,20-Jul-22,100,100,66.42
OGDC,21-Jul-22,100,-100,80.15
OGDC,21-Jul-22,100,100,78.80
HUBC,26-Jul-22,100,100,64.23
OGDC,26-Jul-22,100,-100,79.85
HUBC,28-Jul-22,100,-100,65.89
HUBC,28-Jul-22,100,100,64.43
HUBC,29-Jul-22,100,100,63.92
HUBC,3-Aug-22,100,-100,65.18
HUBC,4-Aug-22,100,-100,66.38
HUBC,5-Aug-22,100,-100,66.89
OGDC,5-Aug-22,100,-100,82.60
HUBC,10-Aug-22,100,-100,69.25
HUBC,10-Aug-22,100,100,68.55
OGDC,10-Aug-22,100,-100,85.72
HUBC,12-Aug-22,100,-100,69.07
OGDC,12-Aug-22,100,-100,87.19
HUBC,15-Aug-22,100,100,68.91
HUBC,15-Aug-22,100,-100,69.69
OGDC,15-Aug-22,100,100,87.97
OGDC,16-Aug-22,100,100,87.27
MTL,17-Aug-22,10,10,892.62
OGDC,17-Aug-22,100,100,86.26
MTL,18-Aug-22,5,5,899.53
MTL,18-Aug-22,5,-5,900.47
OGDC,18-Aug-22,50,50,85.20
HUBC,19-Aug-22,100,100,69.51
HUBC,19-Aug-22,100,100,68.97
OGDC,19-Aug-22,100,100,84.65
MTL,22-Aug-22,10,-10,894.49
MTL,22-Aug-22,10,10,893.11
OGDC,22-Aug-22,100,100,83.60
HUBC,23-Aug-22,100,-100,70.38
OGDC,23-Aug-22,100,-100,84.81
MTL,24-Aug-22,5,5,889.52
HUBC,25-Aug-22,150,150,69.02
HUBC,25-Aug-22,100,100,68.83
HUBC,25-Aug-22,100,100,67.01
HUBC,25-Aug-22,200,200,66.26
OGDC,25-Aug-22,100,100,84.05
HUBC,26-Aug-22,100,100,64.65
MTL,26-Aug-22,7,7,870.48
OGDC,26-Aug-22,100,100,82.85
MTL,29-Aug-22,5,5,848.44
HUBC,31-Aug-22,100,-100,66.23
MTL,31-Aug-22,5,5,841.40
MTL,31-Aug-22,5,5,834.40
MTL,1-Sep-22,5,-5,843.56
OGDC,1-Sep-22,50,50,82.15
HUBC,2-Sep-22,50,50,65.62
MTL,2-Sep-22,7,7,833.07
OGDC,2-Sep-22,100,100,81.21
HUBC,5-Sep-22,100,100,68.00
MTL,5-Sep-22,5,5,826.20
MTL,5-Sep-22,5,5,821.20
OGDC,5-Sep-22,50,50,80.22
HUBC,6-Sep-22,50,50,64.03
MTL,8-Sep-22,5,5,813.38
HUBC,9-Sep-22,50,50,63.65
OGDC,9-Sep-22,50,50,79.75
HUBC,13-Sep-22,50,-50,64.38
MTL,13-Sep-22,10,10,840.56
OGDC,13-Sep-22,50,50,79.16
HUBC,14-Sep-22,50,-50,66.48
HUBC,14-Sep-22,50,-50,66.70
HUBC,15-Sep-22,50,50,65.63
OGDC,15-Sep-22,50,50,78.64
MTL,16-Sep-22,5,-5,832.94
MTL,19-Sep-22,5,5,811.39
OGDC,19-Sep-22,50,50,78.14
MTL,20-Sep-22,5,-5,822.60
OGDC,20-Sep-22,50,50,75.89
OGDC,23-Sep-22,50,50,73.43
OGDC,27-Sep-22,50,-50,75.87
HUBC,28-Sep-22,50,-50,69.12
MTL,28-Sep-22,10,10,839.93
MTL,29-Sep-22,5,5,830.23
OGDC,4-Oct-22,50,50,75.04
HUBC,11-Oct-22,100,100,65.07
MTL,11-Oct-22,5,5,823.39
OGDC,11-Oct-22,100,-100,76.70
HUBC,11-Oct-22,100,100,65.07
HUBC,12-Oct-22,100,100,63.84
OGDC,14-Oct-22,50,50,73.89
OGDC,17-Oct-22,50,50,72.78
MTL,18-Oct-22,11,11,0.00
MTL,19-Oct-22,25,25,691.69
HUBC,20-Oct-22,100,-100,64.88
MTL,20-Oct-22,6,6,727.42
MTL,24-Oct-22,5,5,716.23
OGDC,25-Oct-22,50,-50,73.88
HUBC,25-Oct-22,100,-100,68.61
HUBC,26-Oct-22,100,100,67.41
MTL,26-Oct-22,10,10,697.95
OGDC,26-Oct-22,100,100,72.33
HUBC,26-Oct-22,50,50,67.41
MTL,27-Oct-22,5,5,682.61
OGDC,27-Oct-22,50,50,71.13
MTL,28-Oct-22,5,5,672.16
HUBC,31-Oct-22,100,-100,65.89
HUBC,31-Oct-22,100,100,65.07
MTL,1-Nov-22,5,5,664.84
HUBC,1-Nov-22,100,-100,66.78
OGDC,1-Nov-22,50,50,70.63
MTL,8-Nov-22,5,-5,670.35
OGDC,8-Nov-22,50,-50,71.36
MTL,10-Nov-22,5,-5,684.33
OGDC,10-Nov-22,150,-150,74.00
HUBC,10-Nov-22,50,-50,69.86
MTL,14-Nov-22,10,10,679.17
OGDC,14-Nov-22,50,-50,76.86
MTL,16-Nov-22,10,10,671.15
OGDC,17-Nov-22,50,50,75.73
HUBC,21-Nov-22,50,50,69.23
MTL,21-Nov-22,10,10,660.14
OGDC,21-Nov-22,50,50,74.65
OGDC,22-Nov-22,50,50,74.39
HUBC,23-Nov-22,100,100,67.17
HUBC,23-Nov-22,100,100,66.77
MTL,23-Nov-22,1,1,652.12
MTL,24-Nov-22,10,10,649.92
HUBC,25-Nov-22,100,100,65.24
HUBC,25-Nov-22,50,50,65.17
MTL,28-Nov-22,10,10,626.07
OGDC,28-Nov-22,50,50,72.88
HUBC,28-Nov-22,50,50,64.87
HUBC,29-Nov-22,50,-50,65.68
HUBC,29-Nov-22,50,-50,66.78
OGDC,30-Nov-22,50,50,72.34
HUBC,30-Nov-22,50,50,66.23
MTL,2-Dec-22,10,10,616.56
MTL,6-Dec-22,10,10,578.49
OGDC,6-Dec-22,50,50,71.40
OGDC,7-Dec-22,50,50,71.23
MTL,8-Dec-22,10,-10,591.74
HUBC,9-Dec-22,50,50,65.56
MTL,12-Dec-22,10,10,580.50
MTL,13-Dec-22,10,10,572.98
MTL,15-Dec-22,10,10,560.96
MTL,15-Dec-22,9,9,552.97
HUBC,16-Dec-22,50,50,63.04
MTL,16-Dec-22,9,9,533.31
OGDC,16-Dec-22,50,-50,72.10
HUBC,19-Dec-22,30,30,61.17
MTL,19-Dec-22,10,10,512.88
HUBC,21-Dec-22,50,50,60.13
MTL,21-Dec-22,10,10,499.86
OGDC,21-Dec-22,50,50,70.43
OGDC,22-Dec-22,50,-50,72.18
OGDC,26-Dec-22,150,-150,76.56
MTL,28-Dec-22,10,10,488.55
MTL,28-Dec-22,15,15,473.00
HUBC,29-Dec-22,50,-50,61.90
OGDC,29-Dec-22,50,-50,76.99
OGDC,29-Dec-22,50,50,76.64
HUBC,30-Dec-22,30,-30,62.87
OGDC,2-Jan-23,100,-100,81.81
HUBC,3-Jan-23,30,30,62.17
HUBC,3-Jan-23,70,70,62.17
HUBC,4-Jan-23,50,50,61.41
OGDC,4-Jan-23,50,50,78.89
MTL,6-Jan-23,10,10,485.94
OGDC,6-Jan-23,50,-50,82.22
HUBC,10-Jan-23,100,100,60.86
OGDC,10-Jan-23,50,-50,84.25
HUBC,11-Jan-23,50,50,60.21
MTL,11-Jan-23,10,-10,505.33
OGDC,11-Jan-23,100,-100,86.81
MTL,12-Jan-23,15,-15,519.10
OGDC,13-Jan-23,150,-150,82.74
OGDC,17-Jan-23,100,100,77.20
HUBC,17-Jan-23,50,50,59.62
OGDC,19-Jan-23,50,-50,79.79
OGDC,19-Jan-23,50,-50,80.10
OGDC,19-Jan-23,50,50,79.19
MTL,19-Jan-23,10,10,503.96
HUBC,19-Jan-23,50,50,59.13
OGDC,24-Jan-23,150,-150,84.45
HUBC,25-Jan-23,100,-100,61.07
MTL,25-Jan-23,10,-10,519.12
MTL,1-Feb-23,10,-10,536.00
OGDC,1-Feb-23,50,-50,87.22
HUBC,2-Feb-23,50,-50,65.36
HUBC,7-Feb-23,100,-100,68.47
MTL,7-Feb-23,10,-10,548.67
OGDC,8-Feb-23,100,100,97.50
OGDC,8-Feb-23,100,100,96.47
OGDC,8-Feb-23,100,-100,97.67
OGDC,8-Feb-23,100,-100,98.96
MTL,9-Feb-23,10,10,538.93
HUBC,9-Feb-23,100,100,66.69
OGDC,9-Feb-23,100,100,105.50
OGDC,9-Feb-23,100,-100,107.05
OGDC,10-Feb-23,100,100,100.70
HUBC,10-Feb-23,100,100,63.97
OGDC,14-Feb-23,550,-550,95.58
MTL,14-Feb-23,10,10,530.51
OGDC,16-Feb-23,150,150,93.37
HUBC,17-Feb-23,100,-100,66.63
MTL,20-Feb-23,10,10,530.91
OGDC,20-Feb-23,250,250,90.73
OGDC,23-Feb-23,100,100,88.71
OGDC,24-Feb-23,100,100,88.21
OGDC,1-Mar-23,9,9,80.50
OGDC,1-Mar-23,66,66,80.45
MTL,1-Mar-23,27,27,0.00
MTL,2-Mar-23,10,10,505.57
HUBC,2-Mar-23,100,-100,71.97
OGDC,3-Mar-23,75,-75,86.52
OGDC,7-Mar-23,100,100,85.02
OGDC,9-Mar-23,100,-100,87.24
HUBC,13-Mar-23,150,150,70.87
OGDC,13-Mar-23,100,-100,92.07
MTL,16-Mar-23,13,13,506.02
OGDC,7-Apr-23,100,100,86.06
OGDC,16-May-23,100,100,
OGDC,19-May-23,100,100,77.25
OGDC,26-May-23,100,100,73.95
MTL,31-May-23,20,-20,0.00
HUBC,1-Jun-23,100,100,68.04
MTL,13-Jun-23,70,-70,548.87
OGDC,13-Jun-23,100,-100,77.41
HUBC,19-Jun-23,100,100,66.15
MTL,22-Jun-23,125,125,0.00
MTL,22-Jun-23,70,70,388.27
HUBC,22-Jun-23,50,50,64.92
OGDC,22-Jun-23,100,100,74.65
HUBC,4-Jul-23,250,-250,76.75
OGDC,4-Jul-23,100,-100,85.15
MTL,4-Jul-23,30,30,394.18
MTL,5-Jul-23,25,25,381.75
MTL,6-Jul-23,25,-25,392.33
HUBC,6-Jul-23,150,-150,79.25
MTL,10-Jul-23,25,25,399.29
OGDC,11-Jul-23,100,-100,85.84
HUBC,11-Jul-23,100,100,77.69
HUBC,14-Jul-23,100,-100,79.63
HUBC,21-Jul-23,50,-50,81.06
OGDC,26-Jul-23,100,-100,87.04
OGDC,27-Jul-23,100,-100,90.04
MTL,31-Jul-23,25,25,396.17
HUBC,31-Jul-23,70,-70,85.82
OGDC,2-Aug-23,50,50,102.73
HUBC,2-Aug-23,150,150,84.16
HUBC,2-Aug-23,50,50,84.16
MTL,3-Aug-23,25,-25,421.62
MTL,4-Aug-23,25,25,440.81
OGDC,4-Aug-23,100,-100,107.07
EFERT,7-Aug-23,200,200,79.09
MTL,7-Aug-23,5,5,429.75
MTL,7-Aug-23,20,20,429.75
EFERT,8-Aug-23,50,50,78.64
MTL,8-Aug-23,25,25,420.73
OGDC,8-Aug-23,200,200,98.60
EFERT,8-Aug-23,50,50,78.64
HUBC,9-Aug-23,50,50,82.77
HUBC,9-Aug-23,50,-50,87.73
HUBC,9-Aug-23,50,-50,87.58
MTL,9-Aug-23,25,-25,428.77
OGDC,9-Aug-23,100,-100,102.51
OGDC,9-Aug-23,100,100,0.00
MTL,10-Aug-23,25,25,421.86
MTL,16-Aug-23,25,-25,432.24
HUBC,29-Aug-23,100,100,83.55
EFERT,31-Aug-23,50,50,77.95
HUBC,31-Aug-23,100,100,80.35
HUBC,31-Aug-23,35,35,78.26
HUBC,6-Sep-23,35,-35,79.67
EFERT,6-Sep-23,50,50,77.15
EFERT,11-Sep-23,50,50,76.09
HUBC,12-Sep-23,100,-100,82.25
OGDC,12-Sep-23,75,75,93.72
EFERT,15-Sep-23,100,100,76.34
EFERT,22-Sep-23,50,50,75.84
MTL,25-Sep-23,15,15,425.53
OGDC,28-Sep-23,75,-75,97.43
HUBC,4-Oct-23,250,-250,89.34
EFERT,5-Oct-23,50,-50,82.10
MTL,6-Oct-23,15,-15,438.71
HUBC,6-Oct-23,100,100,83.55
EFERT,11-Oct-23,50,-50,83.60
MTL,12-Oct-23,20,-20,450.69
OGDC,13-Oct-23,250,-250,98.82
OGDC,17-Oct-23,300,300,96.23
HUBC,17-Oct-23,100,-100,90.28
HUBC,17-Oct-23,100,100,89.11
OGDC,17-Oct-23,50,50,96.23
MTL,18-Oct-23,20,20,455.92
OGDC,18-Oct-23,100,100,94.27
OGDC,19-Oct-23,100,-100,97.81
MTL,20-Oct-23,20,20,450.91
EFERT,23-Oct-23,250,-250,92.33
HUBC,23-Oct-23,100,100,96.68
OGDC,23-Oct-23,50,-50,103.81
EFERT,24-Oct-23,200,200,88.52
OGDC,24-Oct-23,50,50,99.87
EFERT,24-Oct-23,100,100,88.52
MTL,25-Oct-23,20,-20,470.98
MTL,25-Oct-23,20,20,459.79
OGDC,31-Oct-23,350,-350,100.71
HUBC,2-Nov-23,400,-400,104.16
MTL,2-Nov-23,25,25,458.39
HUBC,3-Nov-23,100,100,102.03
HUBC,6-Nov-23,500,-500,105.81
EFERT,8-Nov-23,100,-100,91.33
MTL,8-Nov-23,25,-25,469.19
HUBC,13-Nov-23,100,100,102.03
HUBC,13-Nov-23,100,-100,119.79
MTL,14-Nov-23,20,-20,544.05
HUBC,15-Nov-23,250,250,120.23
MTL,15-Nov-23,45,45,534.03
MTL,16-Nov-23,5,5,518.89
MTL,16-Nov-23,20,20,518.89
HUBC,17-Nov-23,75,75,116.91
OGDC,17-Nov-23,150,150,112.20
EFERT,17-Nov-23,52,52,97.33
HUBC,17-Nov-23,75,75,116.91
OGDC,21-Nov-23,100,100,108.24
HUBC,28-Nov-23,75,-75,121.73
HUBC,29-Nov-23,75,75,118.91
HUBC,4-Dec-23,75,-75,124.74
OGDC,4-Dec-23,100,-100,115.68
EFERT,4-Dec-23,52,-52,102.22
MTL,4-Dec-23,20,-20,663.87
MTL,5-Dec-23,30,30,639.40
MTL,5-Dec-23,15,15,632.10
OGDC,5-Dec-23,100,100,114.09
OGDC,5-Dec-23,25,-25,122.89
EFERT,6-Dec-23,52,52,101.19
MTL,6-Dec-23,25,25,622.05
EFERT,7-Dec-23,52,-52,103.81
MTL,8-Dec-23,20,20,619.07
OGDC,8-Dec-23,75,-75,124.78
EFERT,8-Dec-23,50,-50,109.10
EFERT,11-Dec-23,200,200,112.45
EFERT,11-Dec-23,200,-200,112.83
MTL,11-Dec-23,20,20,611.55
HUBC,11-Dec-23,125,125,119.76
OGDC,13-Dec-23,250,250,124.11
EFERT,13-Dec-23,100,100,109.19
MTL,15-Dec-23,20,-20,627.93
OGDC,19-Dec-23,100,100,120.80
MTL,19-Dec-23,20,20,612.40
HUBC,19-Dec-23,100,100,116.72
OGDC,19-Dec-23,100,100,116.77
OGDC,20-Dec-23,100,100,114.21
MTL,20-Dec-23,20,20,594.02
HUBC,26-Dec-23,50,50,113.70
MTL,26-Dec-23,10,10,585.84
OGDC,26-Dec-23,100,100,109.22
EFERT,28-Dec-23,75,75,110.31
HUBC,28-Dec-23,50,-50,119.98
EFERT,2-Jan-24,175,-175,114.80
OGDC,4-Jan-24,300,-300,124.78
HUBC,4-Jan-24,150,150,120.72
EFERT,8-Jan-24,100,-100,122.49
EFERT,8-Jan-24,100,100,122.22
EFERT,9-Jan-24,350,-350,121.98
HUBC,9-Jan-24,200,200,120.21
MTL,9-Jan-24,20,20,580.02
OGDC,9-Jan-24,100,-100,123.48
EFERT,11-Jan-24,50,50,121.47
MTL,15-Jan-24,15,15,578.49
EFERT,15-Jan-24,50,50,120.61
EFERT,16-Jan-24,50,50,119.51
MTL,16-Jan-24,15,15,565.97
HUBC,16-Jan-24,75,75,119.97
MTL,17-Jan-24,20,20,561.00
HUBC,17-Jan-24,100,100,118.12
HUBC,17-Jan-24,100,100,115.01
HUBC,17-Jan-24,100,-100,117.28
MTL,17-Jan-24,15,15,556.00
MTL,18-Jan-24,15,15,546.94
HUBC,18-Jan-24,75,75,115.22
OGDC,19-Jan-24,250,-250,124.53
MTL,22-Jan-24,10,10,541.43
HUBC,22-Jan-24,75,75,118.46
EFERT,23-Jan-24,75,75,125.72
MTL,23-Jan-24,10,10,536.98
OGDC,23-Jan-24,100,100,137.26
OGDC,23-Jan-24,50,50,137.26
OGDC,23-Jan-24,75,75,136.25
OGDC,24-Jan-24,75,-75,145.94
HUBC,24-Jan-24,75,75,117.42
HUBC,25-Jan-24,75,75,116.71
OGDC,25-Jan-24,100,100,137.75
OGDC,25-Jan-24,100,100,135.35
OGDC,26-Jan-24,200,-200,140.13
EFERT,26-Jan-24,100,-100,129.62
HUBC,26-Jan-24,100,100,114.91
EFERT,29-Jan-24,50,50,124.93
MTL,29-Jan-24,10,10,529.30
HUBC,29-Jan-24,100,100,114.40
MTL,29-Jan-24,10,10,522.50
EFERT,30-Jan-24,50,50,123.23
OGDC,30-Jan-24,50,50,133.34
MTL,30-Jan-24,15,15,516.07
MTL,31-Jan-24,15,-15,527.85
OGDC,31-Jan-24,50,-50,137.25
HUBC,1-Feb-24,100,100,113.23
EFERT,1-Feb-24,100,100,121.03
EFERT,2-Feb-24,250,250,124.13
HUBC,2-Feb-24,100,100,113.90
OGDC,6-Feb-24,375,-375,154.67
MTL,7-Feb-24,30,-30,559.84
OGDC,7-Feb-24,175,175,151.03
EFERT,9-Feb-24,250,-250,124.95
HUBC,9-Feb-24,150,150,115.73
OGDC,9-Feb-24,150,150,145.06
OGDC,12-Feb-24,50,50,134.43
MTL,12-Feb-24,20,20,550.19
HUBC,12-Feb-24,100,100,113.70
OGDC,13-Feb-24,1325,-1325,124.93
EFERT,14-Feb-24,75,75,126.72
MTL,14-Feb-24,20,-20,560.84
OGDC,15-Feb-24,50,50,120.80
OGDC,15-Feb-24,50,50,117.25
OGDC,15-Feb-24,50,50,115.22
EFERT,15-Feb-24,75,75,126.23
HUBC,15-Feb-24,100,100,111.30
OGDC,16-Feb-24,50,50,108.44
MTL,16-Feb-24,20,20,544.70
MTL,16-Feb-24,10,10,537.65
HUBC,16-Feb-24,100,100,108.70
EFERT,16-Feb-24,100,100,129.73
OGDC,20-Feb-24,100,100,117.00
OGDC,20-Feb-24,50,50,113.70
MTL,21-Feb-24,10,-10,549.06
HUBC,22-Feb-24,600,-600,115.05
MTL,22-Feb-24,20,-20,562.04
EFERT,23-Feb-24,75,-75,133.75
HUBC,23-Feb-24,250,250,111.11
OGDC,26-Feb-24,250,250,126.72
OGDC,27-Feb-24,100,100,123.35
OGDC,27-Feb-24,100,100,122.20
HUBC,27-Feb-24,150,150,112.47
EFERT,28-Feb-24,100,-100,139.90
HUBC,28-Feb-24,100,100,111.70
EFERT,29-Feb-24,75,-75,144.50
MTL,29-Feb-24,45,-45,588.67
HUBC,4-Mar-24,100,-100,115.89
OGDC,4-Mar-24,100,-100,129.28
OGDC,5-Mar-24,100,-100,127.92
MTL,5-Mar-24,35,-35,613.85
EFERT,5-Mar-24,75,-75,146.27
HUBC,6-Mar-24,150,-150,116.79
MTL,8-Mar-24,50,50,599.01
OGDC,8-Mar-24,100,-100,128.77
HUBC,8-Mar-24,50,50,116.52
MTL,14-Mar-24,20,20,577.99
OGDC,14-Mar-24,150,150,125.27
EFERT,18-Mar-24,75,75,143.65
HUBC,18-Mar-24,50,50,116.74
OGDC,18-Mar-24,150,150,123.32
OGDC,20-Mar-24,100,100,122.32
MTL,21-Mar-24,22,22,583.00
OGDC,21-Mar-24,120,120,120.31
EFERT,22-Mar-24,75,75,144.29
OGDC,22-Mar-24,50,50,118.72
OGDC,25-Mar-24,75,75,143.30
EFERT,16-Apr-24,76,-76,151.21
OGDC,16-Apr-24,170,-170,135.17
EFERT,17-Apr-24,76,76,148.61
OGDC,17-Apr-24,100,100,132.08
HUBC,17-Apr-24,100,-100,130.77
HUBC,23-Apr-24,200,200,131.73
OGDC,23-Apr-24,100,100,134.64
MTL,24-Apr-24,22,-22,629.92
MTL,25-Apr-24,20,-20,615.94
EFERT,30-Apr-24,100,100,159.28
MTL,30-Apr-24,29,29,609.15
MTL,2-May-24,29,29,599.07
OGDC,6-May-24,100,-100,139.75
EFERT,7-May-24,100,100,154.62
EFERT,8-May-24,100,100,150.53
OGDC,8-May-24,100,100,133.89
MTL,8-May-24,15,15,607.04
HUBC,8-May-24,200,-200,139.58
EFERT,9-May-24,100,100,148.51
HUBC,9-May-24,150,150,136.99
EFERT,10-May-24,50,50,147.06
EFERT,16-May-24,50,50,153.07
EFERT,29-May-24,50,-50,158.07
HUBC,3-Jun-24,150,-150,143.72
OGDC,3-Jun-24,100,100,132.28
EFERT,3-Jun-24,50,-50,158.72
OGDC,5-Jun-24,100,100,127.59
MTL,5-Jun-24,44,-44,638.91
HUBC,5-Jun-24,50,50,140.48
OGDC,7-Jun-24,100,100,123.47
MTL,7-Jun-24,29,-29,656.71
OGDC,11-Jun-24,100,100,119.36
HUBC,11-Jun-24,100,100,137.78
OGDC,20-Jun-24,100,-100,132.72
EFERT,21-Jun-24,100,-100,164.20
MTL,21-Jun-24,50,-50,659.86
MTL,24-Jun-24,30,30,638.59
OGDC,24-Jun-24,200,-200,131.17
HUBC,24-Jun-24,150,-150,163.92
EFERT,27-Jun-24,100,100,168.09
MTL,27-Jun-24,20,20,645.09
MTL,27-Jun-24,20,20,641.13
MTL,2-Jul-24,30,30,634.61
HUBC,5-Jul-24,250,-250,163.70
EFERT,9-Jul-24,150,150,169.45
OGDC,9-Jul-24,100,100,134.86
HUBC,9-Jul-24,150,150,162.79
HUBC,10-Jul-24,100,100,161.54
MTL,10-Jul-24,25,25,618.63
MTL,11-Jul-24,25,25,615.00
HUBC,11-Jul-24,100,100,156.01
OGDC,11-Jul-24,100,100,132.83
OGDC,12-Jul-24,100,100,130.58
MTL,15-Jul-24,25,25,612.57
HUBC,22-Jul-24,150,150,151.87
HUBC,25-Jul-24,150,150,148.84
EFERT,26-Jul-24,400,-400,170.19
OGDC,26-Jul-24,100,100,129.03
HUBC,31-Jul-24,150,150,147.35
HUBC,6-Aug-24,100,100,143.75
EFERT,7-Aug-24,100,100,167.11
OGDC,8-Aug-24,100,-100,137.60
EFERT,9-Aug-24,50,50,165.44
MTL,13-Aug-24,25,25,601.20
EFERT,13-Aug-24,50,50,162.30
MTL,13-Aug-24,25,25,596.00
OGDC,15-Aug-24,100,-100,134.95
MTL,15-Aug-24,25,25,587.01
HUBC,19-Aug-24,100,-100,150.36
MTL,19-Aug-24,35,35,556.11
EFERT,21-Aug-24,100,100,161.57
MTL,26-Aug-24,20,20,535.90
HUBC,26-Aug-24,150,-150,153.94
MTL,27-Aug-24,30,30,525.80
MTL,27-Aug-24,30,30,516.80
EFERT,27-Aug-24,100,100,160.46
MTL,29-Aug-24,30,-30,538.12
MTL,2-Sep-24,30,-30,569.38
HUBC,3-Sep-24,50,50,0.00
MTL,3-Sep-24,9,9,0.00
MTL,4-Sep-24,64,-64,609.88
HUBC,5-Sep-24,50,-50,152.96
MTL,5-Sep-24,30,30,596.20
OGDC,5-Sep-24,100,-100,136.97
HUBC,9-Sep-24,150,150,151.15
MTL,9-Sep-24,36,36,575.40
MTL,9-Sep-24,30,30,555.50
MTL,9-Sep-24,25,25,552.00
EFERT,10-Sep-24,200,-200,165.21
OGDC,16-Sep-24,100,-100,142.80
EFERT,16-Sep-24,100,-100,172.38
HUBC,19-Sep-24,100,100,148.35
HUBC,20-Sep-24,125,125,143.20
EFERT,20-Sep-24,100,-100,183.55
OGDC,20-Sep-24,100,100,142.02
HUBC,24-Sep-24,50,50,130.47
OGDC,24-Sep-24,75,75,138.29
HUBC,26-Sep-24,325,325,124.44
OGDC,26-Sep-24,75,-75,143.00
HUBC,30-Sep-24,75,75,120.68
HUBC,1-Oct-24,75,-75,125.95
HUBC,2-Oct-24,75,75,124.19
HUBC,7-Oct-24,75,75,121.93
HUBC,8-Oct-24,175,175,115.19
EFERT,9-Oct-24,50,50,202.91
OGDC,9-Oct-24,100,-100,169.60
EFERT,10-Oct-24,30,30,197.21
HUBC,11-Oct-24,100,100,103.98
HUBC,14-Oct-24,30,30,99.35
EFERT,14-Oct-24,20,20,197.20
EFERT,15-Oct-24,30,30,188.26
EFERT,15-Oct-24,30,-30,196.00
MTL,17-Oct-24,10,10,543.12
MTL,18-Oct-24,25,25,536.47
OGDC,18-Oct-24,100,100,165.23
MTL,21-Oct-24,35,-35,569.99
HUBC,22-Oct-24,30,-30,104.93
MTL,23-Oct-24,25,25,552.91
OGDC,24-Oct-24,100,-100,174.50
MTL,28-Oct-24,25,25,544.88
MTL,4-Nov-24,50,-50,564.04
OGDC,8-Nov-24,300,-300,188.82
HUBC,13-Nov-24,100,-100,109.29
OGDC,28-Nov-24,200,200,190.70
MTL,28-Nov-24,55,-55,574.49
OGDC,28-Nov-24,150,150,190.70
OGDC,2-Dec-24,150,-150,199.99
OGDC,2-Dec-24,200,200,191.56
EFERT,3-Dec-24,100,100,200.01
HUBC,4-Dec-24,350,350,113.73
MTL,4-Dec-24,36,-36,604.50
MTL,9-Dec-24,30,-30,635.99
MTL,10-Dec-24,80,80,646.13
OGDC,10-Dec-24,100,100,193.44
OGDC,11-Dec-24,100,-100,200.23
MTL,12-Dec-24,25,25,639.12
OGDC,16-Dec-24,100,100,232.61
HUBC,16-Dec-24,175,-175,123.98
MTL,16-Dec-24,25,25,627.53
OGDC,17-Dec-24,100,100,227.21
MTL,17-Dec-24,30,30,615.00
MTL,18-Dec-24,50,50,601.01
OGDC,18-Dec-24,100,100,218.62
EFERT,18-Dec-24,200,200,199.02
MEBL,18-Dec-24,50,50,224.81
MEBL,18-Dec-24,50,50,215.02
BAFL,18-Dec-24,200,200,79.01
HUBC,19-Dec-24,100,100,125.20
EFERT,19-Dec-24,50,50,193.51
MEBL,19-Dec-24,100,100,211.01
MEBL,23-Dec-24,50,50,221.01
OGDC,24-Dec-24,100,-100,241.49
HUBC,24-Dec-24,100,-100,132.99
OGDC,24-Dec-24,100,100,227.02
HUBC,26-Dec-24,425,-425,127.89
OGDC,26-Dec-24,100,100,224.82
OGDC,26-Dec-24,50,50,217.76
OGDC,27-Dec-24,100,100,221.11
MEBL,30-Dec-24,50,50,238.02
EFERT,30-Dec-24,50,-50,204.95
MEBL,1-Jan-25,50,-50,243.39
BAFL,1-Jan-25,150,-150,83.99
EFERT,2-Jan-25,100,-100,215.18
MEBL,2-Jan-25,50,-50,246.99
MEBL,2-Jan-25,50,-50,252.48
MEBL,2-Jan-25,75,75,248.26
OGDC,2-Jan-25,150,150,222.23
BAFL,2-Jan-25,35,-35,87.16
MEBL,3-Jan-25,50,50,245.56
EFERT,6-Jan-25,200,-200,235.99
MEBL,6-Jan-25,150,-150,242.99
OGDC,6-Jan-25,100,100,216.30
MTL,7-Jan-25,20,20,690.11
EFERT,7-Jan-25,100,100,221.06
BAFL,8-Jan-25,45,45,84.52
MTL,9-Jan-25,20,20,678.00
OGDC,10-Jan-25,50,50,217.02
EFERT,10-Jan-25,50,50,218.51
MEBL,13-Jan-25,50,50,235.01
HUBC,13-Jan-25,150,150,127.51
BAFL,13-Jan-25,50,50,82.01
ENGROH,13-Jan-25,482,482,62.60
ENGROH,13-Jan-25,432,-432,226.39
MTL,14-Jan-25,40,-40,710.95
OGDC,14-Jan-25,150,-150,222.44
BAFL,14-Jan-25,45,45,81.11
EFERT,15-Jan-25,100,100,218.02
ENGROH,15-Jan-25,30,30,214.96
MTL,16-Jan-25,20,20,698.51
BAFL,16-Jan-25,45,-45,83.19
ENGROH,16-Jan-25,35,35,215.51
HUBC,20-Jan-25,150,-150,139.59
MEBL,20-Jan-25,50,50,240.16
BAFL,20-Jan-25,150,150,84.07
MTL,21-Jan-25,20,-20,709.98
OGDC,22-Jan-25,100,100,216.51
HUBC,22-Jan-25,50,50,131.51
MTL,22-Jan-25,20,20,681.76
OGDC,24-Jan-25,50,50,212.31
ENGROH,27-Jan-25,30,-30,227.47
OGDC,28-Jan-25,100,100,205.53
HUBC,28-Jan-25,50,50,128.52
EFERT,28-Jan-25,75,75,226.11
MEBL,28-Jan-25,50,50,237.56
ENGROH,28-Jan-25,25,25,219.51
EFERT,29-Jan-25,25,25,222.67
BAFL,29-Jan-25,50,50,81.01
BAFL,30-Jan-25,50,50,80.11
EFERT,3-Feb-25,60,60,218.34
OGDC,3-Feb-25,60,60,204.00
MTL,3-Feb-25,20,20,665.27
MTL,4-Feb-25,10,10,642.03
OGDC,4-Feb-25,100,100,199.05
ENGROH,4-Feb-25,35,35,212.71
MEBL,6-Feb-25,20,20,237.08
MTL,6-Feb-25,5,5,620.02
EFERT,6-Feb-25,55,55,212.58
ENGROH,6-Feb-25,25,25,205.62
BAFL,10-Feb-25,50,50,78.51
EFERT,11-Feb-25,55,-55,216.95
MTL,12-Feb-25,15,-15,647.94
OGDC,12-Feb-25,100,-100,208.20
BAFL,12-Feb-25,50,50,77.15
OGDC,14-Feb-25,20,20,203.51
HUBC,17-Feb-25,50,-50,132.19
MTL,17-Feb-25,10,10,627.01
OGDC,17-Feb-25,20,20,199.55
MEBL,17-Feb-25,20,20,234.04
BAFL,18-Feb-25,50,-50,79.49
EFERT,19-Feb-25,60,-60,226.56
OGDC,19-Feb-25,20,-20,204.98
MTL,20-Feb-25,10,-10,667.98
BAFL,21-Feb-25,70,70,77.41
OGDC,26-Feb-25,80,-80,210.38
ENGROH,26-Feb-25,25,25,197.51
MTL,28-Feb-25,100,-100,678.49
EFERT,5-Mar-25,35,35,220.51
MTL,5-Mar-25,110,110,600.02
ENGROH,5-Mar-25,100,100,182.14
MEBL,6-Mar-25,40,-40,241.02
ENGROH,10-Mar-25,50,50,186.51
EFERT,11-Mar-25,35,-35,224.59
OGDC,11-Mar-25,100,-100,215.74
HUBC,11-Mar-25,50,50,129.52
MTL,11-Mar-25,20,20,590.01
POL,11-Mar-25,20,20,564.52
BAFL,11-Mar-25,60,60,75.51
EFERT,17-Mar-25,45,45,216.89
FCL,3-Dec-25,84,84,0.00
POL,17-Mar-25,15,15,559.01
POL,17-Mar-25,15,15,550.71
MEBL,19-Mar-25,150,-150,247.47
HUBC,19-Mar-25,325,-325,140.74
MEBL,20-Mar-25,40,40,241.51
ENGROH,20-Mar-25,150,-150,194.33
HUBC,21-Mar-25,225,-225,142.49
OGDC,21-Mar-25,150,-150,228.75
EFERT,24-Mar-25,76,76,207.76
MEBL,24-Mar-25,100,100,235.02
EFERT,25-Mar-25,50,50,208.51
OGDC,26-Mar-25,150,-150,232.89
MTL,26-Mar-25,35,35,591.11
FCL,8-Jan-26,151,151,26.51
MEBL,27-Mar-25,100,-100,247.79
MEBL,3-Apr-25,40,-40,248.99
EFERT,4-Apr-25,200,200,209.97
FCL,17-Mar-25,300,300,24.51
BAFL,4-Apr-25,250,250,74.61
EFERT,7-Apr-25,99,99,202.03
HUBC,7-Apr-25,150,150,137.51
OGDC,7-Apr-25,65,65,215.01
FCL,26-Mar-25,300,300,24.21
POL,7-Apr-25,25,25,519.04
OGDC,7-Apr-25,65,65,215.01
OGDC,7-Apr-25,70,70,215.01
BAFL,7-Apr-25,99,99,72.12
ENGROH,7-Apr-25,101,101,177.01
MEBL,8-Apr-25,75,-75,260.49
EFERT,9-Apr-25,50,50,193.22
HUBC,9-Apr-25,50,50,134.51
FCL,4-Apr-25,350,350,24.04
EFERT,9-Apr-25,51,51,193.22
ENGROH,9-Apr-25,45,45,169.34
POL,10-Apr-25,25,-25,531.98
EFERT,11-Apr-25,44,44,184.79
MEBL,11-Apr-25,75,75,254.51
EFERT,11-Apr-25,55,55,184.79
BAFL,14-Apr-25,99,99,73.51
MEBL,16-Apr-25,45,45,251.61
POL,24-Apr-25,15,15,516.01
EFERT,28-Apr-25,45,45,175.26
OGDC,28-Apr-25,51,51,209.91
MEBL,28-Apr-25,45,-45,277.48
BAFL,28-Apr-25,155,155,71.64
ENGROH,28-Apr-25,51,51,157.01
MEBL,30-Apr-25,20,20,268.01
OGDC,30-Apr-25,30,30,201.02
MTL,30-Apr-25,14,14,582.01
EFERT,30-Apr-25,25,25,163.52
MTL,7-May-25,15,15,561.01
FCL,7-Apr-25,450,450,23.32
BAFL,7-May-25,150,150,69.11
EFERT,8-May-25,75,75,146.13
HUBC,8-May-25,75,75,117.02
MTL,8-May-25,20,20,512.01
MEBL,8-May-25,30,30,248.02
FCL,9-Apr-25,300,300,22.76
POL,8-May-25,13,13,490.01
BAFL,8-May-25,100,100,67.01
ENGROH,8-May-25,50,50,144.01
EFERT,9-May-25,75,-75,161.73
HUBC,9-May-25,75,-75,124.49
MTL,9-May-25,20,-20,539.49
OGDC,9-May-25,30,30,183.01
EFERT,13-May-25,25,-25,178.77
MEBL,13-May-25,30,-30,280.89
MTL,13-May-25,15,-15,584.98
OGDC,13-May-25,111,-111,214.50
FCL,7-May-25,300,300,21.31
POL,13-May-25,28,-28,542.97
BAFL,13-May-25,250,-250,75.47
ENGROH,13-May-25,50,-50,164.48
HUBC,14-May-25,50,-50,139.99
MEBL,14-May-25,75,-75,283.99
BAFL,14-May-25,155,-155,74.44
MEBL,15-May-25,20,-20,285.99
ENGROH,19-May-25,96,-96,186.99
MTL,20-May-25,22,22,576.13
EFERT,20-May-25,45,-45,181.49
BAFL,20-May-25,51,51,73.28
ENGROH,20-May-25,56,56,179.56
POL,21-May-25,17,17,535.01
BAFL,21-May-25,61,61,73.26
FCL,8-May-25,300,300,19.22
ENGROH,23-May-25,50,50,182.51
ENGROH,23-May-25,49,49,182.51
OGDC,26-May-25,75,75,208.03
FCL,13-May-25,300,-300,21.98
MEBL,30-May-25,45,-45,293.99
MEBL,30-May-25,4,-4,306.99
MTL,30-May-25,15,15,560.02
POL,30-May-25,22,22,527.71
MEBL,3-Jun-25,18,18,304.02
MEBL,3-Jun-25,15,15,302.01
OGDC,3-Jun-25,70,70,208.01
ENGROH,3-Jun-25,25,25,177.51
MEBL,4-Jun-25,15,-15,311.99
BAFL,4-Jun-25,61,-61,77.22
MEBL,10-Jun-25,22,22,309.36
BAFL,10-Jun-25,51,-51,78.89
BAFL,12-Jun-25,88,-88,80.44
HUBC,13-Jun-25,100,100,136.06
MTL,13-Jun-25,12,12,555.01
HUBC,13-Jun-25,45,45,136.06
ENGROH,14-Jun-25,25,25,201.31
BAFL,16-Jun-25,90,90,76.71
MEBL,17-Jun-25,22,22,307.07
HUBC,18-Jun-25,85,85,135.11
HUBC,18-Jun-25,65,65,134.12
OGDC,18-Jun-25,70,-70,212.84
FCL,23-May-25,300,-300,23.48
FCL,27-May-25,350,350,23.59
ENGROH,19-Jun-25,24,24,170.37
OGDC,21-Jun-25,75,-75,214.39
OGDC,23-Jun-25,55,55,208.71
MTL,23-Jun-25,15,15,538.02
FCL,18-Jun-25,449,449,23.08
BAFL,23-Jun-25,90,90,74.05
OGDC,24-Jun-25,55,-55,215.88
MEBL,24-Jun-25,22,-22,314.94
BAFL,24-Jun-25,80,-80,76.99
HUBC,25-Jun-25,150,150,139.45
HUBC,25-Jun-25,150,-150,139.49
MEBL,25-Jun-25,40,-40,324.89
MEBL,26-Jun-25,11,11,320.06
POL,27-Jun-25,22,-22,570.46
ENGROH,27-Jun-25,24,-24,182.49
MTL,30-Jun-25,15,-15,558.99
BAFL,30-Jun-25,90,-90,80.23
POL,1-Jul-25,17,-17,599.00
ENGROH,1-Jul-25,25,-25,188.99
MEBL,2-Jul-25,10,-10,356.99
FCL,19-Jun-25,512,512,22.75
OGDC,2-Jul-25,65,-65,222.79
MTL,2-Jul-25,12,-12,571.99
BAFL,2-Jul-25,60,-60,83.44
HUBC,3-Jul-25,150,-150,139.99
OGDC,3-Jul-25,70,-70,226.48
EFERT,3-Jul-25,55,-55,195.34
FCL,23-Jun-25,300,300,22.53
OGDC,7-Jul-25,65,-65,227.99
MTL,9-Jul-25,15,15,557.01
BAFL,9-Jul-25,349,-349,88.88
OGDC,15-Jul-25,175,175,226.11
OGDC,15-Jul-25,75,75,224.13
MEBL,15-Jul-25,45,45,365.51
MEBL,16-Jul-25,20,20,356.02
BAFL,16-Jul-25,301,-301,91.78
ENGROH,16-Jul-25,56,-56,196.63
EFERT,17-Jul-25,44,-44,201.98
FCL,2-Jul-25,512,-512,24.95
OGDC,18-Jul-25,99,99,223.01
OGDC,21-Jul-25,80,80,221.71
MEBL,21-Jul-25,35,35,356.01
BAFL,22-Jul-25,111,111,91.41
POL,24-Jul-25,15,-15,615.69
EFERT,24-Jul-25,51,-51,218.09
MEBL,24-Jul-25,39,39,352.51
ENGROH,24-Jul-25,49,-49,210.49
MEBL,28-Jul-25,29,29,350.51
BAFL,28-Jul-25,55,55,89.92
POL,29-Jul-25,20,-20,616.39
EFERT,29-Jul-25,31,31,203.01
OGDC,31-Jul-25,179,-179,234.69
POL,31-Jul-25,4,-4,662.99
BAFL,31-Jul-25,187,187,87.81
HUBC,4-Aug-25,45,-45,155.00
OGDC,5-Aug-25,1000,-1000,258.75
EFERT,8-Aug-25,81,-81,211.99
POL,8-Aug-25,8,8,645.01
POL,11-Aug-25,17,17,646.07
HUBC,12-Aug-25,250,-250,164.18
OGDC,12-Aug-25,350,-350,272.49
BAFL,12-Aug-25,55,-55,95.48
EFERT,13-Aug-25,64,64,204.05
OGDC,15-Aug-25,158,158,262.68
HUBC,18-Aug-25,150,150,159.01
BAFL,18-Aug-25,45,-45,95.99
HUBC,19-Aug-25,65,65,160.02
HUBC,19-Aug-25,51,51,157.71
OGDC,19-Aug-25,59,59,259.01
BAFL,20-Aug-25,53,-53,103.75
MEBL,22-Aug-25,163,-163,408.49
MEBL,25-Aug-25,14,14,394.01
MEBL,28-Aug-25,23,23,394.06
BAFL,28-Aug-25,395,-395,104.99
OGDC,29-Aug-25,42,42,260.12
EFERT,1-Sep-25,1,-1,0.00
HUBC,1-Sep-25,100,-100,0.00
MEBL,1-Sep-25,26,26,391.56
FCL,4-Jul-25,300,-300,25.88
MEBL,2-Sep-25,41,41,391.01
HUBC,3-Sep-25,57,-57,173.90
MTL,3-Sep-25,37,37,570.47
EFERT,3-Sep-25,61,61,210.51
MEBL,4-Sep-25,51,51,388.61
BAFL,4-Sep-25,51,51,105.51
ENGROH,4-Sep-25,171,-171,231.39
FCL,18-Jul-25,200,200,24.94
ENGROH,5-Sep-25,51,51,225.01
BAFL,9-Sep-25,52,52,104.52
ENGROH,9-Sep-25,51,-51,242.74
ENGROH,16-Sep-25,100,100,235.53
BAFL,19-Sep-25,59,59,102.91
MEBL,22-Sep-25,51,-51,407.49
OGDC,25-Sep-25,77,77,277.71
BAFL,25-Sep-25,92,92,100.71
MTL,26-Sep-25,26,26,556.02
HUBC,29-Sep-25,65,-65,231.99
MTL,29-Sep-25,24,24,544.04
BAFL,29-Sep-25,92,-92,107.24
EFERT,30-Sep-25,125,-125,221.99
MTL,30-Sep-25,26,26,528.52
POL,1-Oct-25,35,-35,724.99
ENGROH,1-Oct-25,51,-51,254.99
ENGROH,1-Oct-25,51,51,235.53
OGDC,2-Oct-25,86,86,276.12
MTL,2-Oct-25,49,49,512.01
HUBC,3-Oct-25,525,-525,236.84
MEBL,3-Oct-25,41,-41,467.00
OGDC,3-Oct-25,68,68,278.01
MEBL,3-Oct-25,21,21,458.02
HUBC,6-Oct-25,183,183,223.06
ENGROH,6-Oct-25,100,-100,250.99
HUBC,7-Oct-25,107,107,219.04
MEBL,7-Oct-25,21,21,449.01
POL,8-Oct-25,11,11,711.01
OGDC,8-Oct-25,62,62,272.26
EFERT,9-Oct-25,35,-35,233.99
EFERT,9-Oct-25,229,-229,233.99
EFERT,9-Oct-25,161,-161,233.69
HUBC,9-Oct-25,99,99,212.02
OGDC,9-Oct-25,68,68,268.02
HUBC,10-Oct-25,99,99,211.01
POL,13-Oct-25,22,22,690.21
HUBC,13-Oct-25,115,115,203.07
OGDC,13-Oct-25,155,155,255.66
EFERT,13-Oct-25,101,101,221.51
ENGROH,13-Oct-25,101,101,235.36
OGDC,16-Oct-25,84,84,264.01
FCL,2-Sep-25,377,377,23.77
POL,17-Oct-25,18,18,644.51
ENGROH,17-Oct-25,61,61,236.81
POL,14-Oct-25,25,25,708.25
ENGROH,20-Oct-25,53,53,236.11
POL,21-Oct-25,33,33,633.74
BAFL,23-Oct-25,30,30,109.11
ENGROH,23-Oct-25,32,32,230.53
EFERT,27-Oct-25,1145,-1145,212.92
MTL,28-Oct-25,31,31,500.01
POL,28-Oct-25,30,30,599.02
MEBL,28-Oct-25,21,21,437.81
EFERT,30-Oct-25,105,105,205.51
ENGROH,3-Nov-25,21,21,221.33
OGDC,3-Nov-25,88,88,258.03
MEBL,5-Nov-25,19,19,425.01
EFERT,6-Nov-25,65,65,203.53
OGDC,7-Nov-25,46,46,246.03
HUBC,10-Nov-25,115,-115,215.24
BAFL,13-Nov-25,31,31,103.51
EFERT,14-Nov-25,65,-65,214.99
BAFL,19-Nov-25,33,33,101.62
EFERT,20-Nov-25,155,-155,216.49
ENGROH,20-Nov-25,26,26,212.02
OGDC,20-Nov-25,46,-46,254.98
POL,20-Nov-25,30,-30,624.99
ENGROH,21-Nov-25,37,37,212.01
POL,24-Nov-25,15,15,602.06
MEBL,24-Nov-25,22,22,413.76
MEBL,27-Nov-25,22,-22,428.99
HUBC,1-Dec-25,198,-198,224.39
MEBL,1-Dec-25,19,-19,443.99
OGDC,1-Dec-25,88,-88,270.99
FCL,5-Sep-25,286,286,23.86
OGDC,2-Dec-25,155,-155,272.59
OGDC,3-Dec-25,76,76,267.81
FCL,17-Oct-25,403,403,23.03
POL,3-Dec-25,12,12,0.00
MEBL,4-Dec-25,23,23,433.51
OGDC,5-Dec-25,101,-101,274.99
OGDC,10-Dec-25,35,35,270.01
FCL,2-Dec-25,666,666,23.66
FCL,15-Dec-25,84,-84,26.18
ENGROH,17-Dec-25,21,21,215.49
HUBC,17-Dec-25,82,82,220.11
POL,17-Dec-25,20,20,615.01
BAFL,17-Dec-25,33,-33,106.83
EFERT,18-Dec-25,11,11,221.37
FCL,16-Dec-25,403,-403,26.59
ENGROH,18-Dec-25,84,-84,229.00
HUBC,18-Dec-25,122,122,220.65
OGDC,22-Dec-25,77,77,267.11
OGDC,23-Dec-25,68,68,266.01
FCL,18-Dec-25,273,273,25.71
ENGROH,24-Dec-25,22,22,227.31
ENGROH,5-Jan-26,53,-53,259.95
POL,26-Dec-25,45,45,608.78
MTL,6-Jan-26,21,21,531.01
MEBL,30-Dec-25,23,-23,446.89
OGDC,30-Dec-25,68,-68,280.98
EFERT,31-Dec-25,24,24,224.51
BAFL,31-Dec-25,31,-31,109.35
FCL,24-Dec-25,273,-273,27.06
EFERT,8-Jan-26,25,25,250.05
OGDC,1-Jan-26,77,-77,288.00
ENGROH,2-Jan-26,22,-22,251.74
OGDC,2-Jan-26,87,-87,295.89
OGDC,2-Jan-26,299,-299,295.49
MTL,5-Jan-26,31,-31,545.88
OGDC,9-Jan-26,51,51,293.51
MEBL,5-Jan-26,21,-21,465.89
OGDC,5-Jan-26,35,-35,298.24
FCL,1-Jan-26,952,-952,28.25
OGDC,6-Jan-26,53,53,293.39
POL,6-Jan-26,15,-15,640.00
MEBL,6-Jan-26,21,-21,490.00
BAFL,6-Jan-26,30,-30,118.99
BAFL,19-Sep-25,32,32,102.91
FCL,5-Jan-26,381,381,26.81
BAFL,8-Jan-26,32,-32,118.98
MEBL,9-Jan-26,24,24,483.21
POL,9-Jan-26,12,-12,642.99
OGDC,12-Jan-26,18,18,290.77
OGDC,12-Jan-26,170,170,290.81
OGDC,12-Jan-26,34,34,290.81
MEBL,12-Jan-26,22,22,474.67
EFERT,12-Jan-26,72,72,245.02
HUBC,12-Jan-26,76,76,230.12
ENGROH,13-Jan-26,15,15,248.65
EFERT,14-Jan-26,26,26,241.26
HUBC,14-Jan-26,65,65,226.02
ENGROH,14-Jan-26,35,35,248.35
OGDC,12-Jan-26,108,108,290.81
OGDC,14-Jan-26,108,-108,301.99
BAFL,15-Jan-26,50,50,116.51
ENGROH,15-Jan-26,47,47,247.58
HUBC,15-Jan-26,42,42,222.52
UBL,15-Jan-26,2,2,473.51
OGDC,16-Jan-26,52,-52,326.96
FCL,16-Jan-26,235,235,25.35
EFERT,19-Jan-26,44,44,244.56
EFERT,19-Jan-26,142,142,242.51
POL,19-Jan-26,27,27,625.01
ENGROH,20-Jan-26,82,-82,263.74
MEBL,20-Jan-26,22,-22,494.49
OGDC,20-Jan-26,105,-105,331.19
BAFL,15-Jan-26,51,51,116.51
POL,20-Jan-26,28,28,628.12
UBL,15-Jan-26,20,20,473.51
BAFL,20-Jan-26,51,-51,122.49
UBL,20-Jan-26,20,-20,499.99
UBL,21-Jan-26,32,32,490.52
EFERT,21-Jan-26,125,125,240.13
MEBL,21-Jan-26,32,32,485.01
OGDC,23-Jan-26,55,55,325.30
ENGROH,13-Jan-26,38,38,248.65
MEBL,26-Jan-26,31,31,480.01
POL,26-Jan-26,22,22,660.01
MEBL,26-Jan-26,27,27,477.15
ENGROH,26-Jan-26,38,-38,280.69
ENGROH,27-Jan-26,65,65,265.04
FCL,27-Jan-26,386,386,24.86
EFERT,27-Jan-26,144,144,244.79
OGDC,27-Jan-26,65,65,323.31
UBL,27-Jan-26,25,25,485.04
BAFL,15-Jan-26,50,50,116.51
BAFL,28-Jan-26,50,-50,127.99
EFERT,29-Jan-26,77,77,237.60
POL,29-Jan-26,22,22,650.01
ENGROH,29-Jan-26,41,41,250.51
HUBC,2-Feb-26,98,98,0.00
MTL,2-Feb-26,21,-21,562.46
MEBL,4-Feb-26,27,-27,515.14
MEBL,6-Feb-26,32,32,502.22
OGDC,6-Feb-26,54,54,321.54
UBL,6-Feb-26,22,22,494.13
ENGROH,9-Feb-26,41,-41,271.38
OGDC,9-Feb-26,41,41,307.61
MTL,9-Feb-26,26,-26,572.58
MEBL,9-Feb-26,31,31,489.51
ENGROH,10-Feb-26,210,-210,283.65
EFERT,12-Feb-26,80,80,220.01
OGDC,12-Feb-26,31,31,301.01
FCL,12-Feb-26,321,321,25.21
EFERT,13-Feb-26,38,38,218.16
OGDC,13-Feb-26,55,55,295.01
UBL,13-Feb-26,22,22,480.03
POL,13-Feb-26,32,32,640.22
EFERT,16-Feb-26,35,35,215.02
HUBC,16-Feb-26,58,58,219.20
UBL,16-Feb-26,32,32,472.00
OGDC,16-Feb-26,55,55,290.01
UBL,16-Feb-26,22,22,456.01
MEBL,16-Feb-26,15,15,471.01
BAFL,16-Feb-26,126,126,122.81
BAFL,17-Feb-26,81,81,121.01
FCL,17-Feb-26,309,309,25.09
POL,18-Feb-26,22,22,627.16
EFERT,23-Feb-26,35,35,212.02
HUBC,23-Feb-26,61,61,216.61
MEBL,23-Feb-26,22,22,471.26
ENGROH,23-Feb-26,67,67,267.02
BAFL,23-Feb-26,88,88,119.66
FCL,23-Feb-26,391,391,23.91
MEBL,26-Feb-26,15,15,457.61
UBL,26-Feb-26,15,15,450.01
HUBC,4-Mar-26,55,55,204.02
OGDC,4-Mar-26,53,53,263.01
MEBL,4-Mar-26,30,30,438.99
ENGROH,4-Mar-26,40,40,252.01
EFERT,4-Mar-26,68,68,210.90
FCL,4-Mar-26,335,335,21.35
MTL,4-Mar-26,34,34,494.13
UBL,4-Mar-26,22,22,411.56
HUBC,5-Mar-26,40,40,216.57
POL,5-Mar-26,15,15,671.02
EFERT,5-Mar-26,40,40,213.52
ENGROH,5-Mar-26,35,35,259.22
EFERT,10-Mar-26,54,54,210.54
MEBL,10-Mar-26,35,35,460.01
FCL,10-Mar-26,289,289,21.89
UBL,10-Mar-26,58,58,388.02
OGDC,10-Mar-26,62,62,290.36
BAFL,10-Mar-26,87,87,117.66
POL,10-Mar-26,28,28,628.01
POL,11-Mar-26,12,12,619.02
ENGROH,11-Mar-26,50,50,268.51
UBL,12-Mar-26,30,30,367.02
OGDC,12-Mar-26,37,37,276.76
HUBC,12-Mar-26,55,55,199.76
BAFL,12-Mar-26,43,43,115.06
UBL,16-Mar-26,35,35,354.51
MEBL,16-Mar-26,41,41,421.01
HUBC,16-Mar-26,30,30,188.56
BAFL,17-Mar-26,88,88,107.45
EFERT,26-Mar-26,100,100,201.41
BAFL,26-Mar-26,88,88,110.01
OGDC,26-Mar-26,35,35,275.52
UBL,26-Mar-26,35,35,363.51
HUBC,26-Mar-26,55,55,201.91
MTL,26-Mar-26,22,22,495.03
FCL,27-Mar-26,351,351,20.51
OGDC,27-Mar-26,66,66,266.01
UBL,27-Mar-26,46,46,346.61
MEBL,27-Mar-26,41,-41,457.99
UBL,30-Mar-26,35,35,335.22
EFERT,30-Mar-26,55.00,55,192.61
HUBC,30-Mar-26,55.00,55,192.06
OGDC,30-Mar-26,55.00,55,256.66
BAFL,30-Mar-26,55.00,55,105.78
UBL,31-Mar-26,35.00,35,338.82
HUBC,31-Mar-26,55.00,55,197.22
EFERT,31-Mar-26,45.00,45,189.04
OGDC,31-Mar-26,25.00,25,271.49
OGDC,2-Apr-26,45.00,45,270.95
EFERT,2-Apr-26,55.00,55,194.61
UBL,2-Apr-26,35.00,35,337.53
UBL,3-Apr-26,35.00,35,330.41
OGDC,3-Apr-26,25.00,25,273.01
UBL,6-Apr-26,45,45,309.02
EFERT,6-Apr-26,55,55,196.01
ENGROH,6-Apr-26,45,45,263.06
BAFL,6-Apr-26,55,55,112.81
HUBC,6-Apr-26,55,55,198.76
MEBL,6-Apr-26,55,55,475.25
OGDC,6-Apr-26,75,75,274.62
UBL,6-Apr-26,35,35,305.07
ENGROH,7-Apr-26,35,35,258.09
EFERT,10-Apr-26,50,50,209.80
HUBC,10-Apr-26,50,50,214.30
OGDC,10-Apr-26,45,45,297.68
MEBL,10-Apr-26,35,35,504.95
HUBC,10-Apr-26,155,155,214.49
EFERT,13-Apr-26,175,175,203.71
ENGROH,13-Apr-26,75,75,270.97
HUBC,13-Apr-26,175,175,205.71
MEBL,13-Apr-26,75,75,476.99
OGDC,13-Apr-26,75,75,292.91
POL,13-Apr-26,40,40,643.01
EFERT,14-Apr-26,35,35,208.44
MTL,14-Apr-26,25,25,511.01
EFERT,15-Apr-26,45,45,211.52
FCL,15-Apr-26,351,-351,22.29
POL,15-Apr-26,25,25,658.01
ENGROH,15-Apr-26,35,-35,281.99
MEBL,15-Apr-26,35,35,495.01
OGDC,15-Apr-26,35,35,304.52
EFERT,16-Apr-26,55,55,214.02
MEBL,16-Apr-26,25,25,490.58
POL,16-Apr-26,22,22,656.11
BAFL,16-Apr-26,88,88,122.32
EFERT,17-Apr-26,55,55,212.99
UBL,20-Apr-26,80,-80,418.00
BAFL,20-Apr-26,1016,1016,0.00
BAFL,20-Apr-26,163,163,63.51
MEBL,20-Apr-26,25,25,485.03
UBL,21-Apr-26,70,-70,443.94
FCL,21-Apr-26,335,-335,22.47
HUBC,22-Apr-26,161,161,227.00
BAFL,22-Apr-26,164,164,64.56
FFC,22-Apr-26,5,5,529.32
FFC,22-Apr-26,227,227,529.89
POL,22-Apr-26,25,25,652.51
UBL,23-Apr-26,70,70,411.56
BAFL,23-Apr-26,163,163,63.11
FFC,23-Apr-26,35,35,526.56
EFERT,23-Apr-26,101,101,202.01
OGDC,23-Apr-26,100,100,318.50
POL,23-Apr-26,55,55,652.06
BAFL,23-Apr-26,261,261,61.02
UBL,23-Apr-26,80,80,402.85
BAFL,24-Apr-26,424,424,59.49
BAFL,27-Apr-26,690,690,61.34
UBL,27-Apr-26,61,61,411.01
OGDC,27-Apr-26,35,35,320.51
ENGROH,27-Apr-26,76,76,285.26
UBL,28-Apr-26,42,42,402.01
BAFL,29-Apr-26,570,570,60.46
EFERT,29-Apr-26,55,55,200.43
OGDC,29-Apr-26,51,51,318.00
ENGROH,29-Apr-26,45,45,283.05
FFC,29-Apr-26,27,27,517.02
ENGROH,30-Apr-26,35,35,270.02
UBL,30-Apr-26,32,32,380.02
OGDC,30-Apr-26,35,35,300.01
BAFL,30-Apr-26,200,200,59.02
FFC,4-May-26,32,32,507.98
ENGROH,4-May-26,45,45,273.28
BAFL,5-May-26,200,200,57.66
UBL,7-May-26,32,-32,415.99
FFC,8-May-26,50,50,533.91
FFC,11-May-26,25,25,524.02
OGDC,11-May-26,70,-70,326.68
UBL,11-May-26,42,42,410.51
HUBC,11-May-26,35,35,215.41
UBL,12-May-26,42,42,405.27
BAFL,12-May-26,128,128,59.68
UBL,15-May-26,45,45,378.16
HUBC,15-May-26,38,38,208.99
FFC,15-May-26,15,15,512.71
BAFL,15-May-26,63,63,57.82
FFC,21-May-26,35,35,529.03
FCL,21-May-26,289,-289,24.14
OGDC,21-May-26,35,-35,324.50
POL,21-May-26,30,30,658.18
UBL,21-May-26,45,-45,399.48
HUBC,4-Jun-26,65,65,215.66
FFC,12-Jun-26,40,40,554.52
HUBC,12-Jun-26,75,75,219.02
UBL,15-Jun-26,84,-84,421.48
MEBL,16-Jun-26,25,-25,518.14
MTL,16-Jun-26,81,-81,584.48
MTL,18-Jun-26,187,-187,621.98
OGDC,18-Jun-26,126,-126,336.89
FFC,19-Jun-26,95,95,562.91
MTL,22-Jun-26,1350,1350,0.00
OGDC,23-Jun-26,145,-145,337.99
POL,23-Jun-26,75,75,687.00
EFERT,23-Jun-26,105,105,199.02
FFC,23-Jun-26,45,45,557.00
MEBL,2-Jul-26,45,-45,559.98
POL,2-Jul-26,22,22,687.01
EFERT,2-Jul-26,99,99,199.82
OGDC,6-Jul-26,216,216,349.71
FFC,6-Jul-26,55,55,570.30
MCB,6-Jul-26,165,165,428.06
MEBL,6-Jul-26,165,-165,569.99
MTL,9-Jul-26,100,100,304.02
MCB,9-Jul-26,45,45,413.22
FCL,10-Jul-26,5200,-5200,24.09
MEBL,10-Jul-26,369,-369,555.78
ENGROH,10-Jul-26,793,-793,283.44
EFERT,10-Jul-26,2100,-2100,196.50
MTL,14-Jul-26,2750,-2750,288.78
BAFL,14-Jul-26,5000,-5000,57.33
FFC,14-Jul-26,286,-286,547.89
HUBC,14-Jul-26,500,-500,218.87
OGDC,14-Jul-26,3012,-3012,325.50
HUBC,15-Jul-26,2000,-2000,217.23
MCB,15-Jul-26,90,90,395.06
MTL,23-Jul-26,127,127,288.27
POL,23-Jul-26,32,32,680.01
OGDC,23-Jul-26,114,114,315.05
MTL,21-Jul-26,57,57,284.91
OGDC,21-Jul-26,115,115,318.03
ENGROH,21-Jul-26,51,51,276.51
HBL,20-Jul-26,64,64,304.01
OGDC,20-Jul-26,55,55,318.51
OGDC,17-Jul-26,60,60,324.51
ENGROH,24-Jul-26,55,55,270.07
FCL,24-Jul-26,251,251,23.51
FFC,24-Jul-26,31,31,531.31
BAFL,24-Jul-26,155,155,55.41
